Weapon Name,Weapon LV,Weapon Buy Cost,Weapon Small Icon,Weapon Large Icon,Class,Weapon Colour,Ring hit cool down,Attack Mode,Projectile Splash Damage,Min AT,Max AT,Projectile Count,Projectile Speed,Min AGI,Max AGI,Range,Projectile Orientation,Projectile Image,Projectile Colour,Projectile Transparency,Projectile Size H,Projectile Size V,Projectile Hitbox Size H,Projectile Hitbox Size V,Appearence Delay for Multiple Projectiles,Delay before Projectile is Effective,Projectile Lifespan,Projectile Disappearing Effect Time,Projetile Gravity,Projectile Acceleration,Projectile Terrain Pierce,Projectile Terrain Interaction,Homing Range,Type,Type Parameter,MP/Shooting Cost,Residue Mode,Residue Splash Switch,Bonus AT Min,Bonus AT Max,Bonus AT Count,Residue Orientation,Residue Image,Residue Colour,Residue Transparency,Residue Size H,Residue Size V,Residue Hitbox Size H,Residue Hitbox Size V,Appearence Delay for Multiple Residues,Delay before Residue is Effective,Residue Lifespan,Residue Disappearing Effect Time,Residue Gravity,Residue Acceleration,Residue Terrain Pierce,Residue Terrain Interaction

"",0,0,0,0,0,0,0,0,0,0,0,0,0,0,0,0,0,0,0,1,0,0,0,0,0,0,0,0,0,0,0,0,0,0,0,0,0,,,,,,,,,,,,,,,,,,,,
gold,0,0,1,0,300,4294967295,1,0,0,0,0,0,0,0,0,0,0,0,0,1,0,0,0,0,0,0,0,0,0,0,0,0,0,0,0,0,0,,,,,,,,,,,,,,,,,,,,
onigiri,0,0,2,0,300,4294967295,1,0,0,0,0,0,0,0,0,0,0,0,0,1,0,0,0,0,0,0,0,0,0,0,0,0,0,0,0,0,0,,,,,,,,,,,,,,,,,,,,
glove,0,100,3,2,1,4284901119,1,0,0,1,3,0,0,15,20,15,0,0,0,1,0,0,0,0,0,0,0,0,0,0,0,0,0,0,0,0,0,,,,,,,,,,,,,,,,,,,,
sword,0,100,4,3,2,4287137928,1,0,0,1,5,0,0,20,30,30,0,0,0,1,0,0,0,0,0,0,0,0,0,0,0,0,0,0,0,0,0,,,,,,,,,,,,,,,,,,,,
bow,0,100,5,4,3,4294954086,1,4,0,2,3,1,100,30,40,90,1,3,4294954086,1,16,16,8,8,0,0,300,10,5,100,0,0,0,0,0,0,0,,,,,,,,,,,,,,,,,,,,
magic,0,100,6,5,4,4278255615,1,3,0,5,10,1,30,80,90,90,0,2,4278225151,1,16,16,8,8,0,0,300,10,0,100,0,0,0,0,0,0,0,,,,,,,,,,,,,,,,,,,,
mach punch,1,250,3,2,1,4291611852,1,0,0,1,3,0,0,5,10,15,0,0,0,1,0,0,0,0,0,0,0,0,0,0,0,0,0,0,0,0,0,,,,,,,,,,,,,,,,,,,,
iron sword,1,250,4,3,2,4289374890,1,0,0,5,10,0,0,20,30,30,0,0,0,1,0,0,0,0,0,0,0,0,0,0,0,0,0,0,0,0,0,,,,,,,,,,,,,,,,,,,,
triple shot,1,250,5,14,3,4294954086,1,3,0,2,3,3,100,30,40,150,1,3,4294954086,1,16,16,8,8,0,0,300,10,5,100,0,0,0,0,0,0,0,,,,,,,,,,,,,,,,,,,,
explosion,1,250,6,5,4,4294936576,1,3,0,5,10,1,30,80,90,90,0,2,4294936576,1,16,16,8,8,0,0,100,10,0,100,0,0,0,1,0,0,1,1,5,10,1,0,2,1157597184,1,48,48,32,32,0,0,10,10,0,100,0,0
thunder glove,1,500,3,2,1,4294967142,1,3,0,2,4,1,10,15,22,15,1,1,4294967040,1,12,48,16,16,0,0,10,10,0,100,0,0,0,3,0,10,0,0,1,29,0,,,,,,,,,,,,,,,,
fire sword,1,500,4,3,2,4294919236,1,1,0,10,15,0,0,20,30,30,0,5,4294927889,2,16,32,16,32,0,0,50,10,50,100,0,1,0,1,20,10,0,0,1,3,10,,,,,,,,,,,,,,,,
poison arrow,1,500,5,4,3,4278255360,1,4,0,4,6,1,100,30,40,90,1,3,4278255360,1,16,16,8,8,0,0,300,10,5,100,0,0,0,4,50,10,1,0,1,1,1,0,6,4278255360,1,32,32,32,32,0,0,100,10,0,100,0,0
ice,1,500,6,5,4,4290493439,1,3,0,5,10,1,30,80,90,90,0,7,4287138047,1,16,16,8,8,0,0,100,10,0,100,0,0,0,2,30,0,0,,,,,,,,,,,,,,,,,,,,
fire glove,1,750,3,2,1,4294919236,1,3,0,2,4,1,8,15,22,15,1,5,4294927889,2,16,32,16,32,0,0,40,10,0,100,0,0,0,1,50,10,0,0,7,9,0,,,,,,,,,,,,,,,,
thunder sword,1,750,4,3,2,4294967142,1,1,0,10,15,0,0,20,30,30,1,10,4294967108,2,16,16,8,8,0,0,12,10,50,100,0,0,0,3,0,10,0,0,1,7,10,,,,,,,,,,,,,,,,
double arrow,1,750,5,15,3,4294954086,1,4,0,8,12,2,100,30,40,90,1,3,4294954086,1,16,16,8,8,0,0,300,10,5,100,0,0,0,0,0,0,0,,,,,,,,,,,,,,,,,,,,
fire,1,750,6,5,4,4294910498,1,4,0,2,6,1,60,80,90,80,1,5,4294927889,2,16,32,16,16,0,0,100,10,5,100,0,0,0,1,80,0,1,1,2,6,1,0,5,4294927889,2,32,32,32,32,0,0,200,10,50,100,0,1
White Stone,1,400,7,6,200,4294967295,1,50,0,LP +50,"",,,,,,,,,,,,,,,,,,,,,,,,,,,,,,,,,,,,,,,,,,,,,,
Red Stone,1,400,7,6,200,4294914867,2,5,0,STR +5,"",,,,,,,,,,,,,,,,,,,,,,,,,,,,,,,,,,,,,,,,,,,,,,
Green Stone,1,400,7,6,200,4281597747,3,5,0,DEX +5,"",,,,,,,,,,,,,,,,,,,,,,,,,,,,,,,,,,,,,,,,,,,,,,
Blue Stone,1,400,7,6,200,4281545727,4,5,0,MAG +5,"",,,,,,,,,,,,,,,,,,,,,,,,,,,,,,,,,,,,,,,,,,,,,,
Black Stone,1,400,7,6,200,4284900966,5,2,0,STR DEX MAG +2,"",,,,,,,,,,,,,,,,,,,,,,,,,,,,,,,,,,,,,,,,,,,,,,
Red Crystal,1,1200,8,7,200,4294936712,6,1,3,AT +(1-3),"",,,,,,,,,,,,,,,,,,,,,,,,,,,,,,,,,,,,,,,,,,,,,,
Yellow Crystal,1,1200,8,7,200,4294967176,7,20,0,AT +20%,"",,,,,,,,,,,,,,,,,,,,,,,,,,,,,,,,,,,,,,,,,,,,,,
Silver Crystal,1,1200,8,7,200,4291611852,8,1,0,Defense +1,"",,,,,,,,,,,,,,,,,,,,,,,,,,,,,,,,,,,,,,,,,,,,,,
Purple Crystal,1,1200,8,7,200,4291598847,9,10,0,Magic Defense 10%,"",,,,,,,,,,,,,,,,,,,,,,,,,,,,,,,,,,,,,,,,,,,,,,
Black Crystal,1,1200,8,7,200,4284900966,10,10,0,Block rate 10%,"",,,,,,,,,,,,,,,,,,,,,,,,,,,,,,,,,,,,,,,,,,,,,,
Vampire's Card,1,4000,10,9,200,4288217088,11,3,0,3% LP recovery,per damage,,,,,,,,,,,,,,,,,,,,,,,,,,,,,,,,,,,,,,,,,,,,,,
ONIGIRI's Card,1,8000,10,9,200,4294967295,12,5,0,5% chance of,ONIGIRI drop per hit,,,,,,,,,,,,,,,,,,,,,,,,,,,,,,,,,,,,,,,,,,,,,,
Ruby,1,2000,9,8,200,4294901760,13,1,2,Add 1-2 fire,damage,,,,,,,,,,,,,,,,,,,,,,,,,,,,,,,,,,,,,,,,,,,,,,
Garnet,1,2000,9,8,200,4294914867,14,20,0,+0.4s Fire Length,"",,,,,,,,,,,,,,,,,,,,,,,,,,,,,,,,,,,,,,,,,,,,,,
Sapphire,1,2000,9,8,200,4284914175,15,3,5,Add 3-5 ice,damage,,,,,,,,,,,,,,,,,,,,,,,,,,,,,,,,,,,,,,,,,,,,,,
Aquamarine,1,2000,9,8,200,4284927231,16,5,0,+5% Cold effect,"",,,,,,,,,,,,,,,,,,,,,,,,,,,,,,,,,,,,,,,,,,,,,,
Topaz,1,2000,9,8,200,4294954035,17,0,4,Add 0-4 thunder,damage,,,,,,,,,,,,,,,,,,,,,,,,,,,,,,,,,,,,,,,,,,,,,,
Emerald,1,2000,9,8,200,4281597747,18,0,1,Add 0-1 poison,damage,,,,,,,,,,,,,,,,,,,,,,,,,,,,,,,,,,,,,,,,,,,,,,
Peridot,1,2000,9,8,200,4288282419,19,50,0,+1s Poison Length,"",,,,,,,,,,,,,,,,,,,,,,,,,,,,,,,,,,,,,,,,,,,,,,
Diamond,1,4000,9,8,200,4294967295,20,5,0,+0.1s Freeze Length,"",,,,,,,,,,,,,,,,,,,,,,,,,,,,,,,,,,,,,,,,,,,,,,
Quick's Card,1,4000,10,46,200,4287124736,21,10,0,-10% Limit AGI,"",,,,,,,,,,,,,,,,,,,,,,,,,,,,,,,,,,,,,,,,,,,,,,
Long Sword's Card,1,4000,10,47,200,4281545523,22,5,0,+5 Length of sword,"",,,,,,,,,,,,,,,,,,,,,,,,,,,,,,,,,,,,,,,,,,,,,,
Catapult's Card,1,4000,10,48,200,4284887808,23,20,0,+20 Length,"",,,,,,,,,,,,,,,,,,,,,,,,,,,,,,,,,,,,,,,,,,,,,,
Pierce's Card,1,4000,10,49,200,4291611903,24,25,0,25% chance of,Terrain penetrate,,,,,,,,,,,,,,,,,,,,,,,,,,,,,,,,,,,,,,,,,,,,,,
Guide's Card,1,4000,10,50,200,4288282521,25,10,0,+10 guide Range,"",,,,,,,,,,,,,,,,,,,,,,,,,,,,,,,,,,,,,,,,,,,,,,
Bullet's Card,1,4000,10,51,200,4281545523,26,1,0,+1 bullet,"",,,,,,,,,,,,,,,,,,,,,,,,,,,,,,,,,,,,,,,,,,,,,,
Explosion's Card,1,4000,10,52,200,4294940928,27,25,0,25% chance of,Explosion damage,,,,,,,,,,,,,,,,,,,,,,,,,,,,,,,,,,,,,,,,,,,,,,
Berserk Card,1,4000,10,54,200,4291559424,28,50,50,AT +50%,DF -50%,,,,,,,,,,,,,,,,,,,,,,,,,,,,,,,,,,,,,,,,,,,,,,
Critical's Card,1,4000,10,53,200,4294967142,29,25,100,25% chance of,AT +100%,,,,,,,,,,,,,,,,,,,,,,,,,,,,,,,,,,,,,,,,,,,,,,
Iron Medal,1,2000,11,10,200,4284900966,36,10,0,+10% EXP UP,"",,,,,,,,,,,,,,,,,,,,,,,,,,,,,,,,,,,,,,,,,,,,,,
Iron Medal,2,4000,11,10,200,4284900966,36,20,0,+20% EXP UP,"",,,,,,,,,,,,,,,,,,,,,,,,,,,,,,,,,,,,,,,,,,,,,,
"",0,4000,10,9,200,4294967295,0,0,0,"","",,,,,,,,,,,,,,,,,,,,,,,,,,,,,,,,,,,,,,,,,,,,,,
Bronze Medal,1,2000,11,10,200,4292708369,33,10,0,+10% Drop rate,"",,,,,,,,,,,,,,,,,,,,,,,,,,,,,,,,,,,,,,,,,,,,,,
Silver Medal,1,2000,11,10,200,4291611852,34,10,0,+10% ONIGIRI Drop,"",,,,,,,,,,,,,,,,,,,,,,,,,,,,,,,,,,,,,,,,,,,,,,
Gold Medal,1,2000,11,10,200,4294958336,35,10,0,+10% Gold UP,"",,,,,,,,,,,,,,,,,,,,,,,,,,,,,,,,,,,,,,,,,,,,,,
poison glove,1,1000,3,2,1,4278255360,1,3,0,2,4,1,8,15,22,15,1,6,4278255360,2,16,16,16,16,0,0,10,10,0,100,0,0,0,4,15,12,0,0,2,2,0,,,,,,,,,,,,,,,,
ice sword,1,1000,4,3,2,4289374975,1,1,0,10,15,0,0,20,30,30,0,8,2292886271,2,12,12,8,8,0,0,10,10,0,100,0,0,0,2,20,12,0,0,3,5,10,,,,,,,,,,,,,,,,
fire arrow,1,1000,5,4,3,4294919236,1,4,0,8,12,1,100,30,40,90,1,3,4294919236,1,16,16,8,8,0,0,300,10,5,100,0,0,0,1,50,12,1,1,4,6,1,0,5,4294927889,2,16,32,16,32,0,0,100,10,30,100,0,1
thunder,1,1000,6,5,4,4294967142,1,5,0,1,30,3,5,80,90,80,1,10,4294967142,2,16,16,16,16,0,0,100,10,0,100,0,0,0,3,0,0,0,,,,,,,,,,,,,,,,,,,,
staff,0,100,12,11,5,4288217343,1,6,0,1,2,1,0,80,90,70,0,15,4291598847,2,24,24,24,24,0,0,100,40,0,100,0,0,0,0,0,0,0,,,,,,,,,,,,,,,,,,,,
NG,0,0,13,12,200,4287137928,0,0,0,0,0,0,0,0,0,0,0,0,0,1,0,0,0,0,0,0,0,0,0,0,0,0,0,0,0,0,0,,,,,,,,,,,,,,,,,,,,
staff of wood,1,250,12,11,5,4287120384,1,6,0,2,3,1,0,80,90,70,0,15,4288243251,2,24,24,24,24,0,0,100,40,0,100,0,0,0,0,0,0,0,,,,,,,,,,,,,,,,,,,,
long staff,1,500,12,11,5,4289374890,1,6,0,3,4,1,0,80,90,110,0,15,4289374890,2,24,24,24,24,0,0,100,40,0,100,0,0,0,0,0,0,0,,,,,,,,,,,,,,,,,,,,
staff of thunder,1,750,12,11,5,4294967142,1,6,0,1,9,1,0,80,90,70,0,15,4294967142,2,24,24,24,24,0,0,100,40,0,100,0,0,0,3,0,0,0,,,,,,,,,,,,,,,,,,,,
staff of ice,1,1000,12,11,5,4290493439,1,6,0,4,5,1,0,80,90,70,0,15,4290493439,2,24,24,24,24,0,0,100,40,0,100,0,0,0,2,10,0,0,,,,,,,,,,,,,,,,,,,,
freeze glove,2,1500,3,2,1,4291611903,1,3,0,2,4,1,10,15,24,15,1,4,4291611903,1,16,32,16,16,0,0,10,10,0,100,0,0,0,5,5,15,0,0,8,12,0,,,,,,,,,,,,,,,,
long sword,2,1500,4,3,2,4290493371,1,0,0,10,20,0,0,20,30,35,0,0,0,1,0,0,0,0,0,0,0,0,0,0,0,0,0,0,0,0,0,,,,,,,,,,,,,,,,,,,,
triple arrow,2,1500,5,16,3,4294954086,1,4,0,8,12,3,100,30,40,90,1,3,4294954086,1,16,16,8,8,0,0,300,10,5,100,0,0,0,0,0,0,0,,,,,,,,,,,,,,,,,,,,
freeze,2,1500,6,5,4,4291611903,1,3,0,5,10,1,30,80,90,90,1,16,4291611903,1,16,16,8,8,0,0,100,10,0,100,0,0,0,5,50,0,0,,,,,,,,,,,,,,,,,,,,
needle glove,2,2000,3,2,1,4291603080,1,3,0,2,4,9,20,15,24,15,1,9,4291603080,1,16,16,16,16,30,5,10,10,0,100,0,0,0,0,0,50,0,0,10,12,0,,,,,,,,,,,,,,,,
lightsaber,2,2000,4,3,2,4294967142,2,7,0,10,15,1,1,20,30,30,1,10,2298478404,2,16,32,16,16,0,0,10,10,0,100,0,0,0,3,0,70,0,0,1,7,70,,,,,,,,,,,,,,,,
quad arrow,2,2000,5,17,3,4294954086,1,4,0,8,12,4,100,30,40,90,1,3,4294954086,1,16,16,8,8,0,0,300,10,5,100,0,0,0,0,0,0,0,,,,,,,,,,,,,,,,,,,,
blizzard,2,2000,6,5,4,4287138047,1,8,0,5,10,9,30,120,135,90,1,16,4287138047,1,16,16,8,8,100,0,100,10,8,100,0,0,0,2,30,0,0,,,,,,,,,,,,,,,,,,,,
spark glove,2,2500,3,2,1,4294967176,1,4,0,2,4,6,30,15,24,15,0,13,4294967244,2,16,16,8,8,8,20,80,10,5,100,0,1,0,3,0,50,0,0,1,29,0,,,,,,,,,,,,,,,,
flame sword,2,2500,4,3,2,4294919236,1,7,1,10,15,1,5,20,30,30,1,6,4294927889,2,8,32,16,16,0,0,20,10,0,100,0,0,0,1,50,70,0,0,1,3,70,,,,,,,,,,,,,,,,
oct arrow,2,2500,5,17,3,4294954086,1,4,0,4,6,8,100,45,60,90,1,3,4294954086,1,16,16,8,8,0,0,300,10,5,100,0,0,0,0,0,0,0,,,,,,,,,,,,,,,,,,,,
volcano,2,2500,6,5,4,4294919168,1,4,0,2,6,1,50,120,135,80,0,12,4294919168,2,16,16,8,8,0,0,100,10,8,100,0,0,0,1,50,0,4,1,2,6,9,0,5,4294927889,2,16,32,16,32,50,0,100,10,5,98,0,1
gun,0,100,14,13,6,4288256409,1,3,0,2,6,1,30,20,30,60,1,17,4288256409,1,16,16,8,8,0,0,50,10,0,100,0,0,0,0,0,0,0,,,,,,,,,,,,,,,,,,,,
handgun,1,250,14,13,6,4291611852,1,3,0,8,12,1,30,20,30,60,1,17,4291611852,1,16,16,8,8,0,0,50,10,0,100,0,0,0,0,0,5,0,,,,,,,,,,,,,,,,,,,,
submachine-gun,1,500,14,27,6,4284901017,1,3,0,4,8,1,30,5,10,50,1,17,4284901017,1,16,16,8,8,0,0,50,10,0,100,0,0,0,0,0,5,0,,,,,,,,,,,,,,,,,,,,
shotgun,1,750,14,28,6,4288243251,1,3,0,1,20,5,30,50,60,50,0,13,4288243251,1,16,16,8,8,5,0,30,10,0,100,0,1,0,0,0,15,0,,,,,,,,,,,,,,,,,,,,
rifle,1,1000,14,29,6,4284914073,1,3,0,20,40,1,50,50,60,120,1,17,4284914073,1,16,32,8,8,0,0,300,10,0,100,0,0,0,0,0,10,0,,,,,,,,,,,,,,,,,,,,
grenade,2,1500,14,30,6,4294927872,1,4,0,8,12,1,40,70,80,60,1,17,4294927872,1,16,16,8,8,0,0,100,10,10,100,0,0,0,1,50,25,4,1,2,6,4,0,5,4294927889,2,16,32,16,32,0,0,100,10,8,98,0,1
laser gun,2,2000,14,31,6,4288217088,1,3,1,8,12,1,30,20,30,50,1,18,4288217088,1,8,16,8,8,0,0,200,10,0,100,1,0,0,1,100,20,0,,,,,,,,,,,,,,,,,,,,
bazooka,2,2500,14,32,6,4278229248,1,3,0,40,60,1,30,80,90,60,1,17,4278229248,1,32,32,16,16,0,0,50,10,5,100,0,0,0,0,0,30,3,0,20,30,6,0,6,2291754547,1,24,24,12,12,10,0,50,20,0,97,1,0
White Stone,2,800,7,6,200,4294967295,1,100,0,LP +100,"",,,,,,,,,,,,,,,,,,,,,,,,,,,,,,,,,,,,,,,,,,,,,,
Red Stone,2,800,7,6,200,4294914867,2,10,0,STR +10,"",,,,,,,,,,,,,,,,,,,,,,,,,,,,,,,,,,,,,,,,,,,,,,
Green Stone,2,800,7,6,200,4281597747,3,10,0,DEX +10,"",,,,,,,,,,,,,,,,,,,,,,,,,,,,,,,,,,,,,,,,,,,,,,
Blue Stone,2,800,7,6,200,4281545727,4,10,0,MAG +10,"",,,,,,,,,,,,,,,,,,,,,,,,,,,,,,,,,,,,,,,,,,,,,,
Black Stone,2,800,7,6,200,4284900966,5,4,0,STR DEX MAG +4,"",,,,,,,,,,,,,,,,,,,,,,,,,,,,,,,,,,,,,,,,,,,,,,
Red Crystal,2,2400,8,7,200,4294936712,6,2,6,AT +(2-6),"",,,,,,,,,,,,,,,,,,,,,,,,,,,,,,,,,,,,,,,,,,,,,,
Yellow Crystal,2,2400,8,7,200,4294967176,7,30,0,AT +30%,"",,,,,,,,,,,,,,,,,,,,,,,,,,,,,,,,,,,,,,,,,,,,,,
Silver Crystal,2,2400,8,7,200,4291611852,8,3,0,Defense +3,"",,,,,,,,,,,,,,,,,,,,,,,,,,,,,,,,,,,,,,,,,,,,,,
Purple Crystal,2,2400,8,7,200,4291598847,9,20,0,Magic Defense 20%,"",,,,,,,,,,,,,,,,,,,,,,,,,,,,,,,,,,,,,,,,,,,,,,
Black Crystal,2,2400,8,7,200,4284900966,10,20,0,Block rate 20%,"",,,,,,,,,,,,,,,,,,,,,,,,,,,,,,,,,,,,,,,,,,,,,,
Vampire's Card,3,8000,10,9,200,4288217088,11,4,0,4% LP recovery,per damage,,,,,,,,,,,,,,,,,,,,,,,,,,,,,,,,,,,,,,,,,,,,,,
Gold rush Card,1,16000,10,9,200,4294967040,37,5,0,5% chance of,GOLD drop per hit,,,,,,,,,,,,,,,,,,,,,,,,,,,,,,,,,,,,,,,,,,,,,,
Ruby,2,4000,9,8,200,4294901760,13,3,4,Add 3-4 fire,damage,,,,,,,,,,,,,,,,,,,,,,,,,,,,,,,,,,,,,,,,,,,,,,
Garnet,2,4000,9,8,200,4294914867,14,30,0,+0.6s Fire Length,"",,,,,,,,,,,,,,,,,,,,,,,,,,,,,,,,,,,,,,,,,,,,,,
Sapphire,2,4000,9,8,200,4284914175,15,6,10,Add 6-10 ice,damage,,,,,,,,,,,,,,,,,,,,,,,,,,,,,,,,,,,,,,,,,,,,,,
Aquamarine,2,4000,9,8,200,4284927231,16,10,0,+10% Cold effect,"",,,,,,,,,,,,,,,,,,,,,,,,,,,,,,,,,,,,,,,,,,,,,,
Topaz,2,4000,9,8,200,4294954035,17,0,9,Add 0-9 thunder,damage,,,,,,,,,,,,,,,,,,,,,,,,,,,,,,,,,,,,,,,,,,,,,,
Emerald,2,4000,9,8,200,4281597747,18,1,1,Add 1-1 poison,damage,,,,,,,,,,,,,,,,,,,,,,,,,,,,,,,,,,,,,,,,,,,,,,
Peridot,2,4000,9,8,200,4288282419,19,100,0,+2s Poison Length,"",,,,,,,,,,,,,,,,,,,,,,,,,,,,,,,,,,,,,,,,,,,,,,
Diamond,2,4000,9,8,200,4294967295,20,10,0,+0.2s Freeze Length,"",,,,,,,,,,,,,,,,,,,,,,,,,,,,,,,,,,,,,,,,,,,,,,
Quick's Card,2,8000,10,46,200,4287124736,21,20,0,-20% Limit AGI,"",,,,,,,,,,,,,,,,,,,,,,,,,,,,,,,,,,,,,,,,,,,,,,
Long Sword's Card,2,8000,10,47,200,4281545523,22,8,0,+8 Length of sword,"",,,,,,,,,,,,,,,,,,,,,,,,,,,,,,,,,,,,,,,,,,,,,,
Catapult's Card,2,8000,10,48,200,4284887808,23,40,0,+40 Length,"",,,,,,,,,,,,,,,,,,,,,,,,,,,,,,,,,,,,,,,,,,,,,,
Pierce's Card,2,8000,10,49,200,4291611903,24,50,0,50% chance of,Terrain penetrate,,,,,,,,,,,,,,,,,,,,,,,,,,,,,,,,,,,,,,,,,,,,,,
Guide's Card,2,8000,10,50,200,4288282521,25,20,0,+20 guide Range,"",,,,,,,,,,,,,,,,,,,,,,,,,,,,,,,,,,,,,,,,,,,,,,
Bullet's Card,2,8000,10,51,200,4281545523,26,2,0,+2 bullet,"",,,,,,,,,,,,,,,,,,,,,,,,,,,,,,,,,,,,,,,,,,,,,,
Explosion's Card,2,8000,10,52,200,4294940928,27,50,0,50% chance of,Explosion damage,,,,,,,,,,,,,,,,,,,,,,,,,,,,,,,,,,,,,,,,,,,,,,
Critical's Card,2,8000,10,53,200,4294967142,29,25,150,25% chance of,AT +150%,,,,,,,,,,,,,,,,,,,,,,,,,,,,,,,,,,,,,,,,,,,,,,
Bronze Medal,2,4000,11,10,200,4292708369,33,20,0,+20% Drop rate,"",,,,,,,,,,,,,,,,,,,,,,,,,,,,,,,,,,,,,,,,,,,,,,
Silver Medal,2,4000,11,10,200,4291611852,34,20,0,+20% ONIGIRI Drop,"",,,,,,,,,,,,,,,,,,,,,,,,,,,,,,,,,,,,,,,,,,,,,,
Gold Medal,2,4000,11,10,200,4294958336,35,20,0,+20% Gold UP,"",,,,,,,,,,,,,,,,,,,,,,,,,,,,,,,,,,,,,,,,,,,,,,
battle staff,2,1500,12,11,5,4294919236,1,6,0,10,10,1,0,80,90,30,0,15,4294927974,2,24,24,24,24,0,0,100,40,0,100,0,0,0,0,0,0,0,,,,,,,,,,,,,,,,,,,,
sonic punch,2,3000,3,2,1,4294967295,1,1,1,1,3,0,0,5,10,15,0,14,4294967295,2,16,16,0,0,0,1,0,15,0,0,0,0,0,0,0,-1,0,,,,,,,,,,,,,,,,,,,,
frozen sword,2,3000,4,3,2,4288269567,1,7,1,10,15,1,20,20,30,30,1,4,4288269567,2,16,64,64,32,0,5,10,40,0,100,0,0,0,2,20,70,0,0,20,30,3,,,,,,,,,,,,,,,,
double poison,2,3000,5,15,3,4288269312,1,4,0,8,12,2,100,30,40,90,1,3,4288269312,1,16,16,8,8,0,0,300,10,5,100,0,0,0,4,50,20,1,0,1,2,1,0,6,2291780608,1,32,32,32,32,0,0,100,10,0,100,0,0
thunder storm,2,3000,6,5,4,4294967091,1,8,0,1,30,12,0,120,135,90,1,10,4294967091,2,16,16,8,8,100,0,100,10,90,100,0,0,0,3,0,0,0,,,,,,,,,,,,,,,,,,,,
homing laser,2,3000,14,33,6,4288269312,1,3,0,8,12,2,30,20,30,70,1,11,4288269312,1,16,16,8,8,0,0,200,10,0,100,0,0,50,3,0,20,0,,,,,,,,,,,,,,,,,,,,
thunder knuckle,3,4000,3,18,1,4294967142,1,3,0,4,8,2,10,15,26,15,1,10,4294967091,2,12,32,16,16,10,0,8,8,0,100,0,0,0,3,0,25,0,0,1,29,0,,,,,,,,,,,,,,,,
sabel,3,4000,4,21,2,4289374890,1,0,0,20,40,0,0,20,30,30,0,0,0,1,0,0,0,0,0,0,0,0,0,0,0,0,0,0,0,0,0,,,,,,,,,,,,,,,,,,,,
quint shot,3,4000,5,14,3,4294954086,1,3,0,4,6,5,100,30,40,150,1,3,4294954086,1,16,16,8,8,0,0,300,10,5,100,0,0,0,0,0,0,0,,,,,,,,,,,,,,,,,,,,
delta explosion,3,4000,6,24,4,4294936576,1,9,1,10,20,3,5,80,90,80,1,2,2298447906,2,8,40,24,24,10,10,15,3,0,80,1,0,0,1,0,0,0,,,,,,,,,,,,,,,,,,,,
beretta,3,4000,14,13,6,4291611852,1,3,0,24,36,1,30,20,30,60,1,17,4291611852,1,16,16,8,8,0,0,50,10,0,100,0,0,0,0,0,10,0,,,,,,,,,,,,,,,,,,,,
staff of fire,2,2000,12,11,5,4294927889,1,6,0,2,3,1,0,80,90,70,0,15,4294927889,2,24,24,24,24,0,0,100,10,0,100,0,0,0,1,30,0,0,,,,,,,,,,,,,,,,,,,,
lightning staff,2,2500,12,11,5,4294967142,1,5,0,1,25,1,10,80,90,70,1,10,4294967142,2,16,24,16,16,10,0,100,20,0,100,0,0,0,3,0,0,0,,,,,,,,,,,,,,,,,,,,
staff of poison,2,3000,12,11,5,4282711876,1,6,0,0,1,1,0,80,90,70,0,15,4282711876,1,24,24,8,8,0,0,100,10,0,100,0,0,0,4,20,0,0,,,,,,,,,,,,,,,,,,,,
long wood staff,3,4000,12,11,5,4288243251,1,6,0,10,15,1,0,80,90,130,0,15,4288243251,2,24,24,24,24,0,0,100,40,0,100,0,0,0,0,0,0,0,,,,,,,,,,,,,,,,,,,,
Berserk Card,2,8000,10,54,200,4291559424,28,100,100,AT +100%,DF -100%,,,,,,,,,,,,,,,,,,,,,,,,,,,,,,,,,,,,,,,,,,,,,,
fire knuckle,3,4500,3,18,1,4294919236,1,2,0,5,10,1,1,15,26,15,1,5,4294927889,2,16,32,32,16,0,0,40,10,0,100,0,0,0,1,50,25,0,0,15,18,0,,,,,,,,,,,,,,,,
fire sabel,3,4500,4,21,2,4294919236,1,7,0,12,18,1,1,20,30,30,1,6,4294927889,2,20,6,16,16,0,0,50,15,0,99,1,0,0,1,25,20,0,0,5,6,10,,,,,,,,,,,,,,,,
double fire,3,4500,5,15,3,4294919236,1,4,0,9,15,2,100,30,40,90,1,3,4294919236,1,16,16,8,8,0,0,300,10,5,100,0,0,0,1,50,20,1,1,8,9,1,0,5,4294927889,2,16,32,16,32,0,0,100,10,30,100,0,1
icicle,3,4500,6,24,4,4290493439,1,3,0,15,25,1,50,80,90,90,1,9,4287138047,1,16,24,8,8,0,0,100,10,0,100,0,0,0,2,35,0,0,,,,,,,,,,,,,,,,,,,,
staff of freeze,3,4500,12,11,5,4291611903,1,6,0,5,10,1,0,80,90,70,0,15,4291611903,2,24,24,24,24,0,0,100,40,0,100,0,0,0,5,20,0,0,,,,,,,,,,,,,,,,,,,,
uzi,3,4500,14,27,6,4281545574,1,3,0,12,24,1,30,5,10,50,1,17,4281545574,1,16,16,8,8,0,0,50,10,0,100,0,0,0,0,0,15,0,,,,,,,,,,,,,,,,,,,,
mach knuckle,3,5000,3,18,1,4291611852,1,0,0,12,18,0,0,5,10,15,0,0,0,1,0,0,0,0,0,0,0,0,0,0,0,0,0,0,0,0,0,,,,,,,,,,,,,,,,,,,,
thunder sabel,3,5000,4,21,2,4294967142,1,10,0,12,18,1,20,20,30,30,1,10,4294967108,2,16,16,8,8,0,3,9,10,10,100,0,0,0,3,0,20,0,0,1,29,10,,,,,,,,,,,,,,,,
double iron arrow,3,5000,5,15,3,4284900966,1,4,0,16,24,2,80,30,40,90,1,3,4284900966,1,16,16,8,8,0,0,300,10,8,100,0,0,0,0,0,0,0,,,,,,,,,,,,,,,,,,,,
fire rise,3,5000,6,24,4,4294910498,1,4,0,2,6,5,80,80,90,80,1,5,4294927889,2,16,32,16,16,20,0,100,10,-2,99,0,1,0,1,30,0,0,,,,,,,,,,,,,,,,,,,,
staff of light,1,5000,12,11,5,4294967295,1,6,0,5,5,1,0,80,90,70,0,13,2298478591,2,16,16,8,8,0,100,200,40,0,100,1,0,50,3,0,0,0,,,,,,,,,,,,,,,,,,,,
remington,3,5000,14,28,6,4282655266,1,3,0,1,40,7,30,50,60,50,0,13,4282655266,1,16,16,8,8,7,0,30,10,0,100,0,1,0,0,0,30,0,,,,,,,,,,,,,,,,,,,,
White Stone,3,1200,7,6,200,4294967295,1,150,0,LP +150,"",,,,,,,,,,,,,,,,,,,,,,,,,,,,,,,,,,,,,,,,,,,,,,
Red Stone,3,1200,7,6,200,4294914867,2,15,0,STR +15,"",,,,,,,,,,,,,,,,,,,,,,,,,,,,,,,,,,,,,,,,,,,,,,
Green Stone,3,1200,7,6,200,4281597747,3,15,0,DEX +15,"",,,,,,,,,,,,,,,,,,,,,,,,,,,,,,,,,,,,,,,,,,,,,,
Blue Stone,3,1200,7,6,200,4281545727,4,15,0,MAG +15,"",,,,,,,,,,,,,,,,,,,,,,,,,,,,,,,,,,,,,,,,,,,,,,
Black Stone,3,1200,7,6,200,4284900966,5,6,0,STR DEX MAG +6,"",,,,,,,,,,,,,,,,,,,,,,,,,,,,,,,,,,,,,,,,,,,,,,
Red Crystal,3,3600,8,7,200,4294936712,6,3,9,AT +(3-9),"",,,,,,,,,,,,,,,,,,,,,,,,,,,,,,,,,,,,,,,,,,,,,,
Yellow Crystal,3,3600,8,7,200,4294967176,7,40,0,AT +40%,"",,,,,,,,,,,,,,,,,,,,,,,,,,,,,,,,,,,,,,,,,,,,,,
Silver Crystal,3,3600,8,7,200,4291611852,8,6,0,Defense +6,"",,,,,,,,,,,,,,,,,,,,,,,,,,,,,,,,,,,,,,,,,,,,,,
Purple Crystal,3,3600,8,7,200,4291598847,9,30,0,Magic Defense 30%,"",,,,,,,,,,,,,,,,,,,,,,,,,,,,,,,,,,,,,,,,,,,,,,
Black Crystal,3,3600,8,7,200,4284900966,10,30,0,Block rate 30%,"",,,,,,,,,,,,,,,,,,,,,,,,,,,,,,,,,,,,,,,,,,,,,,
poison knuckle,3,5500,3,18,1,4278255360,1,3,0,6,12,1,8,15,26,15,1,9,4278255360,2,16,32,16,16,0,0,10,20,0,100,0,0,0,4,15,30,0,0,4,4,0,,,,,,,,,,,,,,,,
ice sabel,3,5500,4,21,2,4289374975,1,7,0,12,18,1,1,20,30,30,1,4,2292886271,2,16,32,16,16,0,0,50,10,0,90,1,0,0,2,20,25,0,0,10,20,10,,,,,,,,,,,,,,,,
triple iron arrow,3,5500,5,16,3,4284900966,1,104,0,15,20,3,80,30,40,90,1,3,4284900966,1,16,16,8,8,30,0,300,10,8,100,0,0,0,0,0,0,0,,,,,,,,,,,,,,,,,,,,
big thunder,3,5500,6,24,4,4294967142,1,5,1,1,150,1,8,80,90,80,1,10,4294967142,2,32,64,64,64,0,5,100,10,0,100,1,0,0,3,0,0,0,,,,,,,,,,,,,,,,,,,,
staff of flame,3,5500,12,34,5,4294927889,1,6,0,4,6,1,0,80,90,70,0,15,4294927889,2,24,24,24,24,0,0,100,10,0,100,0,0,0,1,30,0,0,,,,,,,,,,,,,,,,,,,,
sniper rifle,3,5500,14,29,6,4278203187,1,3,0,60,80,1,50,50,60,120,1,17,4284914073,1,16,32,8,8,0,0,300,10,0,100,0,0,0,0,0,20,0,,,,,,,,,,,,,,,,,,,,
Vampire's Card,4,12000,10,9,200,4288217088,11,5,0,5% LP recovery,per damage,,,,,,,,,,,,,,,,,,,,,,,,,,,,,,,,,,,,,,,,,,,,,,
Zombie's Card,4,24000,10,9,200,4281532518,32,50,100,LP +50% ,-100% Fire damage,,,,,,,,,,,,,,,,,,,,,,,,,,,,,,,,,,,,,,,,,,,,,,
Ruby,3,6000,9,8,200,4294901760,13,5,6,Add 5-6 fire,damage,,,,,,,,,,,,,,,,,,,,,,,,,,,,,,,,,,,,,,,,,,,,,,
Garnet,3,6000,9,8,200,4294914867,14,40,0,+0.8s Fire Length,"",,,,,,,,,,,,,,,,,,,,,,,,,,,,,,,,,,,,,,,,,,,,,,
Sapphire,3,6000,9,8,200,4284914175,15,9,15,Add 9-15 ice,damage,,,,,,,,,,,,,,,,,,,,,,,,,,,,,,,,,,,,,,,,,,,,,,
Aquamarine,3,6000,9,8,200,4284927231,16,15,0,+15% Cold effect,"",,,,,,,,,,,,,,,,,,,,,,,,,,,,,,,,,,,,,,,,,,,,,,
Topaz,3,6000,9,8,200,4294954035,17,0,15,Add 0-15 thunder,damage,,,,,,,,,,,,,,,,,,,,,,,,,,,,,,,,,,,,,,,,,,,,,,
Emerald,3,6000,9,8,200,4281597747,18,1,2,Add 1-2 poison,damage,,,,,,,,,,,,,,,,,,,,,,,,,,,,,,,,,,,,,,,,,,,,,,
Peridot,3,6000,9,8,200,4288282419,19,150,0,+3s Poison Length,"",,,,,,,,,,,,,,,,,,,,,,,,,,,,,,,,,,,,,,,,,,,,,,
Diamond,3,6000,9,8,200,4294967295,20,15,0,+0.3s Freeze Length,"",,,,,,,,,,,,,,,,,,,,,,,,,,,,,,,,,,,,,,,,,,,,,,
Quick's Card,3,12000,10,46,200,4287124736,21,30,0,-30% Limit AGI,"",,,,,,,,,,,,,,,,,,,,,,,,,,,,,,,,,,,,,,,,,,,,,,
Long Sword's Card,3,12000,10,47,200,4281545523,22,10,0,+10 Length of sword,"",,,,,,,,,,,,,,,,,,,,,,,,,,,,,,,,,,,,,,,,,,,,,,
Catapult's Card,3,12000,10,48,200,4284887808,23,60,0,+60 Length,"",,,,,,,,,,,,,,,,,,,,,,,,,,,,,,,,,,,,,,,,,,,,,,
Pierce's Card,3,12000,10,49,200,4291611903,24,75,0,75% chance of,Terrain penetrate,,,,,,,,,,,,,,,,,,,,,,,,,,,,,,,,,,,,,,,,,,,,,,
Guide's Card,3,12000,10,50,200,4288282521,25,30,0,+30 guide Range,"",,,,,,,,,,,,,,,,,,,,,,,,,,,,,,,,,,,,,,,,,,,,,,
Bullet's Card,3,12000,10,51,200,4281545523,26,0,75,+75% bullet,"",,,,,,,,,,,,,,,,,,,,,,,,,,,,,,,,,,,,,,,,,,,,,,
Explosion's Card,3,12000,10,52,200,4294940928,27,75,0,75% chance of,Explosion damage,,,,,,,,,,,,,,,,,,,,,,,,,,,,,,,,,,,,,,,,,,,,,,
Critical's Card,3,12000,10,53,200,4294967142,29,25,200,25% chance of,AT +200%,,,,,,,,,,,,,,,,,,,,,,,,,,,,,,,,,,,,,,,,,,,,,,
Berserk Card,3,12000,10,54,200,4291559424,28,150,150,AT +150%,DF -150%,,,,,,,,,,,,,,,,,,,,,,,,,,,,,,,,,,,,,,,,,,,,,,
freeze knuckle,4,6000,3,18,1,4291611903,1,3,0,8,16,2,10,15,28,15,1,4,4291611903,1,16,32,16,16,0,0,10,10,0,100,0,0,0,5,10,30,0,0,12,20,0,,,,,,,,,,,,,,,,
long sabel,4,6000,4,21,2,4290493371,1,0,0,20,50,0,0,20,30,40,0,0,0,1,0,0,0,0,0,0,0,0,0,0,0,0,0,0,0,0,0,,,,,,,,,,,,,,,,,,,,
triple poison,4,6000,5,16,3,4288269312,1,4,0,10,16,3,80,30,40,90,1,3,4288269312,1,16,16,8,8,0,0,300,10,8,100,0,0,0,4,50,25,1,0,2,2,1,0,6,2291780608,1,32,32,32,32,0,0,100,10,0,100,0,0
big icicle,4,6000,6,24,4,4291611903,1,5,1,10,20,1,8,80,90,90,1,9,4291611903,1,32,64,64,64,0,5,100,10,0,100,1,0,0,5,50,0,0,,,,,,,,,,,,,,,,,,,,
combat staff,4,6000,12,34,5,4294919236,1,6,0,25,25,1,0,80,90,30,0,15,4294919236,2,24,24,24,24,0,0,100,40,0,100,0,0,0,0,0,0,0,,,,,,,,,,,,,,,,,,,,
grenade launcher,4,6000,14,30,6,4291572480,1,4,0,12,24,1,40,70,80,60,1,17,4291572480,1,16,16,8,8,0,0,100,10,10,100,0,0,0,1,50,40,4,1,6,18,4,0,5,2298426129,2,16,32,16,32,0,0,100,10,8,96,0,1
Bronze Medal,3,6000,11,10,200,4292708369,33,30,0,+30% Drop rate,"",,,,,,,,,,,,,,,,,,,,,,,,,,,,,,,,,,,,,,,,,,,,,,
Silver Medal,3,6000,11,10,200,4291611852,34,30,0,+30% ONIGIRI Drop,"",,,,,,,,,,,,,,,,,,,,,,,,,,,,,,,,,,,,,,,,,,,,,,
Gold Medal,3,6000,11,10,200,4294958336,35,30,0,+30% Gold UP,"",,,,,,,,,,,,,,,,,,,,,,,,,,,,,,,,,,,,,,,,,,,,,,
Iron Medal,3,6000,11,10,200,4284900966,36,30,0,+30% EXP UP,"",,,,,,,,,,,,,,,,,,,,,,,,,,,,,,,,,,,,,,,,,,,,,,
whip,0,100,15,35,7,4294936576,1,0,0,1,4,0,0,15,20,40,0,0,0,1,0,0,0,0,0,0,0,0,0,0,0,0,0,0,0,0,0,,,,,,,,,,,,,,,,,,,,
stone whip,1,250,15,35,7,4287120384,1,4,0,1,4,3,80,15,20,40,0,12,4282664004,1,16,16,8,8,0,20,200,10,5,100,0,0,0,0,0,10,0,0,3,5,0,,,,,,,,,,,,,,,,
fire whip,1,500,15,35,7,4294919236,1,4,0,1,4,4,50,15,20,40,0,5,2298439185,2,16,32,16,32,0,0,100,10,8,95,0,1,0,1,30,40,0,0,3,5,0,,,,,,,,,,,,,,,,
iron whip,1,750,15,35,7,4289374890,1,0,0,10,20,0,0,15,20,40,0,0,0,1,0,0,0,0,0,0,0,0,0,0,0,0,0,0,0,0,0,,,,,,,,,,,,,,,,,,,,
thunder whip,1,1000,15,35,7,4294967040,1,5,0,1,4,5,5,15,20,40,1,10,4294967108,2,16,16,8,8,50,0,100,10,0,100,0,0,0,3,0,90,0,0,1,33,0,,,,,,,,,,,,,,,,
ice whip,2,1500,15,35,7,4291611903,1,103,0,2,5,5,30,15,20,40,1,4,2295123199,2,16,16,8,8,0,30,200,10,5,100,0,1,0,2,20,60,0,0,15,20,0,,,,,,,,,,,,,,,,
thorn whip,2,2000,15,35,7,4291603080,1,3,0,2,6,7,20,15,20,40,1,9,4291603080,1,16,16,8,8,0,5,100,10,0,100,1,0,0,0,0,80,0,0,18,22,0,,,,,,,,,,,,,,,,
poison whip,2,2500,15,35,7,4287103231,1,9,0,2,7,5,1,15,20,40,0,6,2290614527,1,16,16,8,8,50,10,200,10,0,99,0,1,0,4,100,120,0,0,1,1,0,,,,,,,,,,,,,,,,
explosion whip,2,3000,15,35,7,4294927906,1,9,1,2,8,3,5,15,20,40,1,2,2298430498,2,8,40,16,16,10,10,15,3,0,80,1,0,0,1,0,150,0,0,30,40,0,,,,,,,,,,,,,,,,
stone chain,3,4000,15,36,7,4287120384,1,4,0,3,9,3,80,15,20,40,0,13,4284900966,1,16,16,8,8,0,20,200,10,7,100,0,0,0,0,0,40,0,0,18,30,0,,,,,,,,,,,,,,,,
fire chain,3,4500,15,36,7,4294919236,1,9,0,3,10,4,1,15,20,40,1,5,1728026897,2,12,24,24,24,0,0,100,10,0,95,1,0,0,1,30,60,0,0,6,10,0,,,,,,,,,,,,,,,,
iron chain,3,5000,15,36,7,4289374890,1,0,0,20,40,0,0,15,20,40,0,0,0,1,0,0,0,0,0,0,0,0,0,0,0,0,0,0,0,0,0,,,,,,,,,,,,,,,,,,,,
thunder chain,3,5500,15,36,7,4294967040,1,105,0,3,12,5,5,15,20,40,1,18,2298478404,2,8,32,8,8,50,0,100,10,0,100,0,0,0,3,0,130,0,0,1,66,0,,,,,,,,,,,,,,,,
ice chain,4,6000,15,36,7,4291611903,1,103,0,4,13,5,30,15,20,40,1,4,2295123199,2,16,16,8,8,0,20,200,10,20,100,0,1,0,2,20,90,0,0,30,40,0,,,,,,,,,,,,,,,,
needle knuckle,4,6500,3,18,1,4291603080,1,403,0,8,16,18,20,15,28,15,1,9,4291603080,1,16,16,16,16,50,5,10,10,0,100,0,0,0,0,0,80,0,0,11,13,0,,,,,,,,,,,,,,,,
lightsaber,4,6500,4,21,2,4284940134,2,7,0,15,20,1,1,20,30,30,1,18,2286223172,2,16,32,16,16,0,0,10,10,0,100,0,0,0,3,0,100,0,0,1,14,100,,,,,,,,,,,,,,,,
fire shot,4,6500,5,14,3,4294919236,1,3,0,4,6,3,15,30,40,90,1,3,4294919236,1,16,16,8,8,0,0,300,10,0,100,0,0,0,1,50,30,5,1,6,8,1,1,5,4294927889,2,16,32,16,16,0,0,100,10,0,100,1,0
ice meteor,4,6500,6,24,4,4287138047,1,5,0,100,150,1,5,120,135,90,1,16,4287138047,2,16,16,8,8,0,0,100,10,0,100,0,0,0,2,30,0,4,0,10,15,9,1,16,4287138047,2,16,16,8,8,0,10,100,10,5,100,0,0
staff of poisoner,4,6500,12,34,5,4284874956,1,6,0,1,1,1,0,80,90,70,0,15,4284874956,1,24,24,8,8,0,0,100,10,0,100,0,0,0,4,30,0,0,,,,,,,,,,,,,,,,,,,,
laser beam gun,4,6500,14,31,6,4291559424,1,3,1,16,24,1,25,20,30,50,1,18,4291559424,1,8,16,8,8,0,0,200,10,0,100,1,0,0,1,100,35,0,,,,,,,,,,,,,,,,,,,,
thorn chain,4,6500,15,36,7,4291603080,1,803,0,4,14,15,20,15,20,40,1,9,4291603080,1,16,16,8,8,0,5,100,10,0,100,1,0,0,0,0,120,0,0,18,22,0,,,,,,,,,,,,,,,,
White Stone,4,1600,7,6,200,4294967295,1,200,0,LP +200,"",,,,,,,,,,,,,,,,,,,,,,,,,,,,,,,,,,,,,,,,,,,,,,
Red Stone,4,1600,7,6,200,4294914867,2,20,0,STR +20,"",,,,,,,,,,,,,,,,,,,,,,,,,,,,,,,,,,,,,,,,,,,,,,
Green Stone,4,1600,7,6,200,4281597747,3,20,0,DEX +20,"",,,,,,,,,,,,,,,,,,,,,,,,,,,,,,,,,,,,,,,,,,,,,,
Blue Stone,4,1600,7,6,200,4281545727,4,20,0,MAG +20,"",,,,,,,,,,,,,,,,,,,,,,,,,,,,,,,,,,,,,,,,,,,,,,
Black Stone,4,1600,7,6,200,4284900966,5,8,0,STR DEX MAG +8,"",,,,,,,,,,,,,,,,,,,,,,,,,,,,,,,,,,,,,,,,,,,,,,
spark knuckle,4,7000,3,18,1,4294967176,1,1204,0,8,16,8,30,15,28,15,1,18,4294967244,2,2,8,8,8,8,20,100,10,5,100,0,2,0,3,0,80,0,0,1,50,0,,,,,,,,,,,,,,,,
flame sabel,4,7000,4,21,2,4294919236,1,7,1,15,20,1,5,20,30,30,1,6,4294927889,2,8,32,16,16,0,0,20,10,0,100,0,0,50,1,50,100,0,0,2,6,100,,,,,,,,,,,,,,,,
quad iron arrow,4,7000,5,17,3,4284900966,1,4,0,16,24,4,80,30,40,90,1,3,4284900966,1,16,16,8,8,0,0,300,10,8,100,0,0,0,0,0,0,0,,,,,,,,,,,,,,,,,,,,
super volcano,4,7000,6,24,4,4294919168,1,4,0,2,6,1,50,120,135,80,0,12,4294919168,2,16,16,8,8,0,0,100,10,8,100,0,0,0,1,50,0,6,1,4,8,15,0,5,4294927889,2,16,32,16,32,50,0,100,10,5,98,0,1
long iron staff,4,7000,12,34,5,4284900966,1,6,0,10,15,1,0,80,90,150,0,15,4288256409,2,24,24,24,24,0,0,100,40,0,100,0,0,0,0,0,0,0,,,,,,,,,,,,,,,,,,,,
cannon,4,7000,14,32,6,4288256256,1,3,0,80,120,1,30,80,90,60,1,17,4288256256,1,32,32,16,16,0,0,50,10,5,100,0,0,0,0,0,50,3,0,50,70,6,1,6,2295109939,1,12,48,16,16,0,5,25,20,0,98,1,0
poison chain,4,7000,15,36,7,4287103231,1,9,0,4,15,5,1,15,20,40,0,6,2290614527,1,16,16,8,8,0,20,300,10,0,99,0,1,0,4,150,180,0,0,2,2,0,,,,,,,,,,,,,,,,
Red Crystal,4,4800,8,7,200,4294936712,6,4,12,AT +(4-12),"",,,,,,,,,,,,,,,,,,,,,,,,,,,,,,,,,,,,,,,,,,,,,,
Yellow Crystal,4,4800,8,7,200,4294967176,7,50,0,AT +50%,"",,,,,,,,,,,,,,,,,,,,,,,,,,,,,,,,,,,,,,,,,,,,,,
Silver Crystal,4,4800,8,7,200,4291611852,8,9,0,Defense +9,"",,,,,,,,,,,,,,,,,,,,,,,,,,,,,,,,,,,,,,,,,,,,,,
Purple Crystal,4,4800,8,7,200,4291598847,9,40,0,Magic Defense 40%,"",,,,,,,,,,,,,,,,,,,,,,,,,,,,,,,,,,,,,,,,,,,,,,
Black Crystal,4,4800,8,7,200,4284900966,10,40,0,Block rate 40%,"",,,,,,,,,,,,,,,,,,,,,,,,,,,,,,,,,,,,,,,,,,,,,,
sonic knuckle,4,7500,3,18,1,4294967295,1,5703,1,12,18,9,10,5,10,15,1,12,4287137928,2,16,3,0,0,0,10,10,15,0,90,1,0,0,0,0,-1,0,,,,,,,,,,,,,,,,,,,,
frozen sabel,4,7500,4,21,2,4288269567,1,7,0,15,20,1,15,20,30,30,1,4,4288269567,2,12,16,8,8,0,15,100,10,0,100,0,0,100,5,5,100,0,0,20,30,10,,,,,,,,,,,,,,,,
nonuple arrow,4,7500,5,17,3,4284900966,1,4,0,8,12,9,80,45,60,90,1,3,4284900966,1,16,16,8,8,0,0,300,10,8,100,0,0,0,0,0,0,0,,,,,,,,,,,,,,,,,,,,
thunder spear,4,7500,6,24,4,4294967091,1,108,0,1,30,24,0,120,135,90,1,10,4294967091,2,5,32,5,32,200,10,100,10,90,90,0,1,0,3,0,0,0,,,,,,,,,,,,,,,,,,,,
staff of icicle,4,7500,12,34,5,4290493439,1,6,0,10,15,1,0,80,90,70,0,15,4290493439,2,24,24,24,24,0,0,100,40,0,100,0,0,0,2,15,0,0,,,,,,,,,,,,,,,,,,,,
homing laser beam,4,7500,14,33,6,4291624755,1,3,0,8,12,5,30,20,30,70,1,11,4291624755,1,16,16,8,8,0,0,200,10,0,100,0,0,100,3,0,35,0,,,,,,,,,,,,,,,,,,,,
explosion chain,4,7500,15,36,7,4294927906,1,9,1,4,16,3,5,15,20,40,1,2,2298430498,2,32,8,16,16,0,19,20,3,0,80,1,0,0,1,0,220,0,0,60,80,0,,,,,,,,,,,,,,,,
Bronze Medal,4,8000,11,10,200,4292708369,33,40,0,+40% Drop rate,"",,,,,,,,,,,,,,,,,,,,,,,,,,,,,,,,,,,,,,,,,,,,,,
Silver Medal,4,8000,11,10,200,4291611852,34,40,0,+40% ONIGIRI Drop,"",,,,,,,,,,,,,,,,,,,,,,,,,,,,,,,,,,,,,,,,,,,,,,
Gold Medal,4,8000,11,10,200,4294958336,35,40,0,+40% Gold UP,"",,,,,,,,,,,,,,,,,,,,,,,,,,,,,,,,,,,,,,,,,,,,,,
Iron Medal,4,8000,11,10,200,4284900966,36,40,0,+40% EXP UP,"",,,,,,,,,,,,,,,,,,,,,,,,,,,,,,,,,,,,,,,,,,,,,,
Quick's Card,4,16000,10,46,200,4287124736,21,40,0,-40% Limit AGI,"",,,,,,,,,,,,,,,,,,,,,,,,,,,,,,,,,,,,,,,,,,,,,,
Bullet's Card,4,16000,10,51,200,4281545523,26,0,100,+100% bullet,"",,,,,,,,,,,,,,,,,,,,,,,,,,,,,,,,,,,,,,,,,,,,,,
Critical's Card,4,16000,10,53,200,4294967142,29,25,300,25% chance of,AT +300%,,,,,,,,,,,,,,,,,,,,,,,,,,,,,,,,,,,,,,,,,,,,,,
Catapult's Card,4,16000,10,48,200,4284887808,23,80,0,+80 Length,"",,,,,,,,,,,,,,,,,,,,,,,,,,,,,,,,,,,,,,,,,,,,,,
Berserk Card,4,16000,10,54,200,4291559424,28,200,200,AT +200%,DF -200%,,,,,,,,,,,,,,,,,,,,,,,,,,,,,,,,,,,,,,,,,,,,,,
Long Sword's Card,4,16000,10,47,200,4281545523,22,12,0,+12 Length of sword,"",,,,,,,,,,,,,,,,,,,,,,,,,,,,,,,,,,,,,,,,,,,,,,
Ice Charm,1,2000,16,39,200,4284927231,38,50,0,50% Ice invalid,"",,,,,,,,,,,,,,,,,,,,,,,,,,,,,,,,,,,,,,,,,,,,,,
Poison Charm,1,2000,16,39,200,4288282419,39,50,0,50% Poison invalid,"",,,,,,,,,,,,,,,,,,,,,,,,,,,,,,,,,,,,,,,,,,,,,,
Freeze Charm,1,2000,16,39,200,4294967295,40,50,0,50% Freeze invalid,"",,,,,,,,,,,,,,,,,,,,,,,,,,,,,,,,,,,,,,,,,,,,,,
Ice Charm,2,4000,16,39,200,4284927231,38,80,0,80% Ice invalid,"",,,,,,,,,,,,,,,,,,,,,,,,,,,,,,,,,,,,,,,,,,,,,,
Poison Charm,2,4000,16,39,200,4288282419,39,80,0,80% Poison invalid,"",,,,,,,,,,,,,,,,,,,,,,,,,,,,,,,,,,,,,,,,,,,,,,
Freeze Charm,2,4000,16,39,200,4294967295,40,80,0,80% Freeze invalid,"",,,,,,,,,,,,,,,,,,,,,,,,,,,,,,,,,,,,,,,,,,,,,,
Explosion's Card,4,16000,10,52,200,4294940928,27,100,0,100% chance of,Explosion damage,,,,,,,,,,,,,,,,,,,,,,,,,,,,,,,,,,,,,,,,,,,,,,
Ice Charm,3,6000,16,39,200,4284927231,38,90,0,90% Ice invalid,"",,,,,,,,,,,,,,,,,,,,,,,,,,,,,,,,,,,,,,,,,,,,,,
Poison Charm,3,6000,16,39,200,4288282419,39,90,0,90% Poison invalid,"",,,,,,,,,,,,,,,,,,,,,,,,,,,,,,,,,,,,,,,,,,,,,,
Freeze Charm,3,6000,16,39,200,4294967295,40,90,0,90% Freeze invalid,"",,,,,,,,,,,,,,,,,,,,,,,,,,,,,,,,,,,,,,,,,,,,,,
thunder claw,5,8000,3,19,1,4294967142,1,3,0,9,18,3,20,15,30,15,1,9,4294967091,2,8,24,16,16,3,3,10,10,0,95,0,0,0,3,0,35,0,0,1,45,0,,,,,,,,,,,,,,,,
blade,5,8000,4,22,2,4289374890,1,0,0,50,80,0,0,20,30,30,0,0,0,1,0,0,0,0,0,0,0,0,0,0,0,0,0,0,0,0,0,,,,,,,,,,,,,,,,,,,,
poison shot,5,8000,5,14,3,4288269312,1,3,0,4,6,3,15,30,40,90,1,3,4288269312,1,16,16,4,4,0,0,300,10,0,100,0,0,0,4,50,35,1,0,2,2,1,0,6,2291780608,1,24,24,8,8,0,0,100,10,0,100,1,0
time explosion,5,8000,6,25,4,4294919185,1,4,0,20,40,1,40,80,90,80,0,12,4294919185,1,16,16,8,8,0,100,500,10,10,98,0,1,0,1,0,0,4,1,15,25,10,1,6,1157588480,1,8,32,32,32,10,10,20,5,0,98,1,0
explosion staff,5,8000,12,34,5,4294936576,1,6,1,10,15,1,0,80,90,70,0,2,2298447906,2,24,24,24,24,0,0,100,40,0,100,0,0,0,1,0,0,0,,,,,,,,,,,,,,,,,,,,
3-round burst,5,8000,14,13,6,4284900966,1,603,0,24,36,3,30,20,30,60,1,17,4284900966,1,16,16,8,8,10,0,50,10,0,100,0,0,0,0,0,10,0,,,,,,,,,,,,,,,,,,,,
stone flail,5,8000,15,37,7,4287120384,1,4,0,5,17,3,80,15,20,40,0,13,4284900966,1,16,16,8,8,0,20,200,10,7,100,0,0,0,0,0,60,0,0,32,52,0,,,,,,,,,,,,,,,,
Ruby,4,8000,9,8,200,4294901760,13,6,9,Add 6-9 fire,damage,,,,,,,,,,,,,,,,,,,,,,,,,,,,,,,,,,,,,,,,,,,,,,
Garnet,4,8000,9,8,200,4294914867,14,55,0,+1.1s Fire Length,"",,,,,,,,,,,,,,,,,,,,,,,,,,,,,,,,,,,,,,,,,,,,,,
Sapphire,4,8000,9,8,200,4284914175,15,12,20,Add 12-20 ice,damage,,,,,,,,,,,,,,,,,,,,,,,,,,,,,,,,,,,,,,,,,,,,,,
Aquamarine,4,8000,9,8,200,4284927231,16,20,0,+20% Cold effect,"",,,,,,,,,,,,,,,,,,,,,,,,,,,,,,,,,,,,,,,,,,,,,,
Topaz,4,8000,9,8,200,4294954035,17,0,22,Add 0-22 thunder,damage,,,,,,,,,,,,,,,,,,,,,,,,,,,,,,,,,,,,,,,,,,,,,,
Emerald,4,8000,9,8,200,4281597747,18,2,2,Add 2-2 poison,damage,,,,,,,,,,,,,,,,,,,,,,,,,,,,,,,,,,,,,,,,,,,,,,
Peridot,4,8000,9,8,200,4288282419,19,200,0,+4s Poison Length,"",,,,,,,,,,,,,,,,,,,,,,,,,,,,,,,,,,,,,,,,,,,,,,
Diamond,4,8000,9,8,200,4294967295,20,20,0,+0.4s Freeze Length,"",,,,,,,,,,,,,,,,,,,,,,,,,,,,,,,,,,,,,,,,,,,,,,
Pierce's Card,4,16000,10,49,200,4291611903,24,100,0,100% chance of,Terrain penetrate,,,,,,,,,,,,,,,,,,,,,,,,,,,,,,,,,,,,,,,,,,,,,,
Guide's Card,4,16000,10,50,200,4288282521,25,40,0,+40 guide Range,"",,,,,,,,,,,,,,,,,,,,,,,,,,,,,,,,,,,,,,,,,,,,,,
charge punch,5,8500,3,2,1,4284914175,1,109,0,9,18,5,2,15,30,15,1,9,2282841855,2,32,60,32,32,0,0,200,10,0,90,1,0,0,1,50,300,0,0,8,12,0,,,,,,,,,,,,,,,,
wooden sword,5,8500,4,22,2,4287120384,1,0,0,1,1,0,0,20,30,50,0,0,0,1,0,0,0,0,0,0,0,0,0,0,0,0,0,0,0,0,0,,,,,,,,,,,,,,,,,,,,
pyramid arrow,5,8500,5,4,3,4284874803,1,4,0,9,15,1,80,30,40,90,1,3,4284874803,1,16,16,8,8,0,5,500,10,8,100,0,0,0,4,66,35,2,0,3,3,30,0,6,4284874854,2,16,16,16,16,0,0,66,10,0,86,0,0
atomic ray,5,8500,6,25,4,4294927889,1,3,0,10,20,1,20,80,90,90,1,18,4294927889,2,12,20,16,16,0,0,500,10,0,100,0,2,0,1,80,0,0,,,,,,,,,,,,,,,,,,,,
high light staff,3,8500,12,34,5,4294967295,1,6,0,10,15,1,0,80,90,140,0,13,2298478591,2,16,16,8,8,0,100,200,40,0,100,1,0,50,3,0,0,0,,,,,,,,,,,,,,,,,,,,
missile,5,8500,14,32,6,4294967295,1,4,1,300,500,1,80,160,180,80,1,17,4294967295,1,16,32,16,16,0,5,100,10,10,100,0,0,0,0,0,100,2,0,0,0,50,1,6,2288412262,1,16,16,16,16,10,25,25,20,0,80,0,0
freeze whip,5,8500,15,35,7,4291611903,1,105,0,5,18,1,5,15,20,40,1,8,2295123199,2,8,8,8,8,50,0,100,10,0,100,0,0,0,5,5,60,0,0,3,5,0,,,,,,,,,,,,,,,,
Fire Spirit,1,4000,17,40,200,4294919202,41,100,278,100% enemy dies,Fire,,,,,,,,,,,,,,,,,,,,,,,,,,,,,,,,,,,,,,,,,,,,,,
Fire Spirit,0,0,0,0,0,0,1,109,0,5,15,3,1,0,0,0,1,6,4294927889,2,16,16,16,16,0,0,100,10,0,90,1,0,0,1,50,0,0,,,,,,,,,,,,,,,,,,,,
Fire Spirit,2,8000,17,40,200,4294919202,41,10,280,10% enemy dies,Fire explosion,,,,,,,,,,,,,,,,,,,,,,,,,,,,,,,,,,,,,,,,,,,,,,
Fire Spirit,0,0,0,0,0,0,1,109,0,30,50,16,2,0,0,0,1,6,4294927889,2,16,16,16,16,0,0,150,30,0,95,1,0,0,1,50,0,0,,,,,,,,,,,,,,,,,,,,
Fire Spirit,3,12000,17,40,200,4294919202,41,10,282,10% enemy dies,Flame,,,,,,,,,,,,,,,,,,,,,,,,,,,,,,,,,,,,,,,,,,,,,,
Fire Spirit,0,0,0,0,0,0,1,204,0,30,50,16,40,0,0,0,1,6,2298439185,2,16,20,12,12,50,0,100,10,-1,99,1,0,0,1,50,0,0,,,,,,,,,,,,,,,,,,,,
Fire Spirit,4,16000,17,40,200,4294919202,41,10,284,10% enemy dies,Atomic ray,,,,,,,,,,,,,,,,,,,,,,,,,,,,,,,,,,,,,,,,,,,,,,
Fire Spirit,0,0,0,0,0,0,1,109,0,60,100,4,2,0,0,0,1,18,4294927889,2,12,20,16,16,0,0,1000,10,0,100,0,2,0,1,80,0,0,,,,,,,,,,,,,,,,,,,,
Thunder Spirit,1,4000,17,40,200,4293848576,41,50,286,50% enemy dies,Thunder,,,,,,,,,,,,,,,,,,,,,,,,,,,,,,,,,,,,,,,,,,,,,,
Thunder Spirit,0,0,0,0,0,0,1,105,0,1,99,1,5,0,0,0,1,10,4294967142,2,16,16,16,16,0,0,200,10,0,100,0,0,0,3,0,0,0,,,,,,,,,,,,,,,,,,,,
Thunder Spirit,2,8000,17,40,200,4293848576,41,10,288,10% enemy dies,Lightning,,,,,,,,,,,,,,,,,,,,,,,,,,,,,,,,,,,,,,,,,,,,,,
Thunder Spirit,0,0,0,0,0,0,1,2,0,1,99,10,20,0,0,0,1,10,2291767807,2,12,16,8,8,10,0,500,10,0,100,0,0,0,3,0,0,0,,,,,,,,,,,,,,,,,,,,
ring,0,100,18,41,8,4291611852,25,0,0,2,3,0,0,20,30,60,0,0,0,1,0,0,0,0,0,0,0,0,0,0,0,0,0,0,0,0,0,,,,,,,,,,,,,,,,,,,,
fire ring,1,250,18,41,8,4294919236,25,3,0,3,4,1,1,20,30,60,0,6,2298439185,2,24,24,16,16,0,0,100,10,0,98,1,0,0,1,50,30,0,0,4,6,0,,,,,,,,,,,,,,,,
thunder ring,1,500,18,41,8,4294967108,25,11,0,3,4,7,10,20,30,60,1,10,4294967040,1,16,16,16,16,0,10,100,10,0,90,0,0,0,3,0,90,0,0,1,29,0,,,,,,,,,,,,,,,,
long ring,1,750,18,41,8,4287120384,25,0,0,5,10,0,0,20,30,90,0,0,0,1,0,0,0,0,0,0,0,0,0,0,0,0,0,0,0,0,0,,,,,,,,,,,,,,,,,,,,
ice ring,1,1000,18,41,8,4289374975,25,9,0,3,4,3,1,20,30,60,1,4,4289374975,2,16,24,16,16,0,25,50,10,0,90,0,1,0,2,20,80,0,0,15,30,0,,,,,,,,,,,,,,,,
thorn ring,2,1500,18,41,8,4291603080,25,9,0,4,5,16,5,20,30,60,1,9,4291603080,1,16,16,16,16,0,10,100,10,0,100,0,0,0,0,0,110,0,0,10,30,0,,,,,,,,,,,,,,,,
power ring,2,2000,18,41,8,4294967295,25,0,0,15,30,0,0,20,30,60,0,0,0,1,0,0,0,0,0,0,0,0,0,0,0,0,0,0,0,0,0,,,,,,,,,,,,,,,,,,,,
quick ring,2,2500,18,41,8,4288282521,25,3,1,4,5,1,1,5,10,60,0,13,4289396650,1,80,12,40,8,0,15,50,10,0,98,1,0,0,0,0,50,0,0,10,10,0,,,,,,,,,,,,,,,,
charge ring,2,3000,18,41,8,4294936644,25,3,0,4,5,1,1,20,30,60,0,2,4294919236,1,16,16,16,16,0,200,200,25,0,100,1,0,50,1,50,200,2,0,4,6,20,0,6,4294927889,2,16,16,16,16,0,0,50,10,0,86,0,0
fire circle,3,4000,18,42,8,4294919236,25,3,0,5,6,1,1,20,30,60,0,6,4294927889,2,16,24,16,16,0,0,100,10,0,100,1,0,0,1,50,120,2,0,6,8,20,0,6,2298439185,2,16,16,16,16,0,0,50,10,0,86,0,0
thunder circle,3,4500,18,42,8,4294967108,25,11,0,5,6,11,15,20,30,60,1,10,4294967040,1,16,16,16,16,0,10,100,10,0,90,0,2,0,3,0,120,0,0,1,59,0,,,,,,,,,,,,,,,,
long circle,3,5000,18,42,8,4287120384,25,0,0,10,15,0,0,20,30,120,0,0,0,1,0,0,0,0,0,0,0,0,0,0,0,0,0,0,0,0,0,,,,,,,,,,,,,,,,,,,,
ice circle,3,5500,18,42,8,4289374975,25,11,0,5,6,1,1,20,30,60,0,7,4289374975,2,16,16,16,16,0,100,100,10,0,100,1,0,0,2,20,120,2,0,5,10,30,1,4,2292886271,2,8,24,8,8,0,10,50,10,0,86,0,0
thorn circle,4,6000,18,42,8,4291603080,25,9,0,6,7,16,5,20,30,60,1,9,4291603080,1,16,16,16,16,0,10,100,10,0,100,0,2,0,0,0,130,0,0,20,60,0,,,,,,,,,,,,,,,,
power circle,4,6500,18,42,8,4294967295,25,0,0,30,60,0,0,20,30,60,0,0,0,1,0,0,0,0,0,0,0,0,0,0,0,0,0,0,0,0,0,,,,,,,,,,,,,,,,,,,,
quick circle,4,7000,18,42,8,4288282521,25,9,1,6,7,3,1,5,10,60,0,13,4289396650,1,24,24,16,16,0,15,50,10,0,95,1,0,0,0,0,50,0,0,10,10,0,,,,,,,,,,,,,,,,
charge circle,4,7500,18,42,8,4294967108,25,3,0,6,7,1,1,20,30,60,0,6,4284900966,1,32,24,16,16,0,200,200,25,0,100,1,0,50,3,50,400,2,0,1,99,20,1,10,2298478336,2,16,16,16,16,0,0,100,10,80,86,0,0
fire chakram,5,8000,18,43,8,4294919236,25,3,0,7,8,1,5,20,30,60,0,6,4294927889,2,16,24,16,16,0,0,180,10,2,100,0,2,0,1,50,150,2,0,12,16,20,0,6,2298439185,2,16,16,16,16,0,0,50,10,0,86,0,0
chakram,5,8500,18,43,8,4282664004,5,0,0,1,1,0,0,20,30,30,0,0,0,1,0,0,0,0,0,0,0,0,0,0,0,0,0,0,0,0,0,,,,,,,,,,,,,,,,,,,,
Thunder Spirit,3,12000,17,40,200,4293848576,41,10,309,10% enemy dies,Big Thunder,,,,,,,,,,,,,,,,,,,,,,,,,,,,,,,,,,,,,,,,,,,,,,
Thunder Spirit,0,0,0,0,0,0,1,108,1,1,333,1,0,0,0,0,1,10,4294967142,2,64,64,64,64,0,25,26,10,50,100,0,1,0,3,0,0,0,,,,,,,,,,,,,,,,,,,,
Thunder Spirit,4,16000,17,40,200,4293848576,41,5,311,5% enemy dies,Thunder Ball,,,,,,,,,,,,,,,,,,,,,,,,,,,,,,,,,,,,,,,,,,,,,,
Thunder Spirit,0,0,0,0,0,0,1,105,0,1,9999,1,4,0,0,0,1,2,4294967142,2,16,16,16,16,0,0,200,10,0,100,0,0,0,3,0,0,2,0,1,9,30,0,15,4294967142,1,16,16,8,8,0,0,50,10,0,0,0,0
fire claw,5,8500,3,19,1,4294919236,1,3,0,9,18,3,3,15,30,15,1,9,4294927889,2,8,24,16,16,0,0,60,10,0,100,0,0,0,1,50,35,0,0,10,15,0,,,,,,,,,,,,,,,,
fire blade,5,8500,4,22,2,4294919236,1,7,0,20,20,1,1,20,30,30,1,9,2298439185,2,8,32,16,16,0,0,200,15,0,99,0,0,0,1,30,30,0,0,3,4,10,,,,,,,,,,,,,,,,
flame arrow,5,8500,5,4,3,4294940979,1,4,0,16,24,1,80,30,40,90,1,3,4294940979,1,16,16,8,8,0,0,300,10,8,100,0,0,0,1,50,35,3,1,8,9,5,0,6,4294927889,2,16,16,16,16,0,0,100,10,0,98,0,1
ice spike,5,8500,6,25,4,4290493439,1,3,0,15,25,1,50,80,90,90,1,9,4287138047,1,16,24,8,8,0,0,100,10,0,100,0,0,0,2,40,0,7,0,5,15,3,1,9,4287138047,1,8,16,8,8,0,9,10,10,0,98,0,2
warrior staff,5,8500,12,34,5,4288217088,1,6,0,35,35,1,0,80,90,30,0,15,4288217088,2,24,24,24,24,0,0,100,40,0,100,0,0,0,0,0,0,0,,,,,,,,,,,,,,,,,,,,
mini uzi,5,8500,14,27,6,4281545625,1,103,0,12,24,2,30,5,10,50,1,17,4281545625,1,16,16,8,8,5,0,50,10,0,100,0,0,0,0,0,25,0,,,,,,,,,,,,,,,,,,,,
fire flail,5,8500,15,37,7,4294919236,1,9,0,5,18,4,1,15,20,40,1,5,2298452241,2,8,16,20,20,0,0,300,10,0,99,1,0,0,1,30,80,0,0,8,15,0,,,,,,,,,,,,,,,,
thunder chakram,5,8500,18,43,8,4294967108,25,11,0,7,8,15,20,20,30,60,1,10,2298478336,1,16,16,16,16,0,10,100,10,0,95,0,2,0,3,0,150,0,0,1,149,0,,,,,,,,,,,,,,,,
Ice Charm,4,8000,16,39,200,4284927231,38,95,0,95% Ice invalid,"",,,,,,,,,,,,,,,,,,,,,,,,,,,,,,,,,,,,,,,,,,,,,,
Poison Charm,4,8000,16,39,200,4288282419,39,95,0,95% Poison invalid,"",,,,,,,,,,,,,,,,,,,,,,,,,,,,,,,,,,,,,,,,,,,,,,
Freeze Charm,4,8000,16,39,200,4294967295,40,95,0,95% Freeze invalid,"",,,,,,,,,,,,,,,,,,,,,,,,,,,,,,,,,,,,,,,,,,,,,,
White Stone,5,2000,7,6,200,4294967295,1,300,0,LP +300,"",,,,,,,,,,,,,,,,,,,,,,,,,,,,,,,,,,,,,,,,,,,,,,
Red Stone,5,2000,7,6,200,4294914867,2,25,0,STR +25,"",,,,,,,,,,,,,,,,,,,,,,,,,,,,,,,,,,,,,,,,,,,,,,
Green Stone,5,2000,7,6,200,4281597747,3,25,0,DEX +25,"",,,,,,,,,,,,,,,,,,,,,,,,,,,,,,,,,,,,,,,,,,,,,,
Blue Stone,5,2000,7,6,200,4281545727,4,25,0,MAG +25,"",,,,,,,,,,,,,,,,,,,,,,,,,,,,,,,,,,,,,,,,,,,,,,
Black Stone,5,2000,7,6,200,4284900966,5,10,0,STR DEX MAG +10,"",,,,,,,,,,,,,,,,,,,,,,,,,,,,,,,,,,,,,,,,,,,,,,
mach claw,5,9000,3,19,1,4291611852,1,0,0,36,54,0,0,5,10,15,0,0,0,1,0,0,0,0,0,0,0,0,0,0,0,0,0,0,0,0,0,,,,,,,,,,,,,,,,,,,,
thunder blade,5,9000,4,22,2,4294967142,1,7,0,20,20,30,1,20,30,30,1,10,2298478404,2,16,40,32,16,90,0,3,3,0,100,0,0,0,3,0,30,0,0,1,29,1,,,,,,,,,,,,,,,,
sept shot,5,9000,5,14,3,4294954086,1,803,0,6,9,7,80,30,40,150,1,3,4294954086,1,16,16,8,8,0,0,300,10,5,100,0,0,0,0,0,0,0,,,,,,,,,,,,,,,,,,,,
inferno,5,9000,6,25,4,4294910498,1,103,0,2,6,7,5,80,90,60,1,6,2298439185,2,20,20,16,16,70,0,200,10,0,100,0,0,0,1,30,0,0,,,,,,,,,,,,,,,,,,,,
inferno staff,5,9000,12,45,5,4294927889,1,6,0,10,15,1,0,80,90,70,1,6,4294927889,2,16,16,16,16,0,0,100,10,0,96,0,0,20,1,30,0,0,,,,,,,,,,,,,,,,,,,,
scattergun,5,9000,14,28,6,4284883456,1,803,0,1,80,9,30,50,60,50,0,13,4284883456,1,16,16,8,8,9,0,30,10,0,100,0,2,0,0,0,40,0,,,,,,,,,,,,,,,,,,,,
iron flail,5,9000,15,37,7,4289374890,1,0,0,40,80,0,0,15,20,40,0,0,0,1,0,0,0,0,0,0,0,0,0,0,0,0,0,0,0,0,0,,,,,,,,,,,,,,,,,,,,
long chakram,5,9000,18,43,8,4287120384,25,0,0,20,30,0,0,20,30,150,0,0,0,1,0,0,0,0,0,0,0,0,0,0,0,0,0,0,0,0,0,,,,,,,,,,,,,,,,,,,,
Red Crystal,5,6000,8,7,200,4294936712,6,5,15,AT +(5-15),"",,,,,,,,,,,,,,,,,,,,,,,,,,,,,,,,,,,,,,,,,,,,,,
Yellow Crystal,5,6000,8,7,200,4294967176,7,60,0,AT +60%,"",,,,,,,,,,,,,,,,,,,,,,,,,,,,,,,,,,,,,,,,,,,,,,
Silver Crystal,5,6000,8,7,200,4291611852,8,12,0,Defense +12,"",,,,,,,,,,,,,,,,,,,,,,,,,,,,,,,,,,,,,,,,,,,,,,
Purple Crystal,5,6000,8,7,200,4291598847,9,50,0,Magic Defense 50%,"",,,,,,,,,,,,,,,,,,,,,,,,,,,,,,,,,,,,,,,,,,,,,,
Black Crystal,5,6000,8,7,200,4284900966,10,50,0,Block rate 50%,"",,,,,,,,,,,,,,,,,,,,,,,,,,,,,,,,,,,,,,,,,,,,,,
Big Card,1,4000,10,55,200,4293848814,42,50,0,50% Attack Range,"",,,,,,,,,,,,,,,,,,,,,,,,,,,,,,,,,,,,,,,,,,,,,,
Big Card,2,8000,10,55,200,4293848814,42,100,0,100% Attack Range,"",,,,,,,,,,,,,,,,,,,,,,,,,,,,,,,,,,,,,,,,,,,,,,
Big Card,3,12000,10,55,200,4293848814,42,150,0,150% Attack Range,"",,,,,,,,,,,,,,,,,,,,,,,,,,,,,,,,,,,,,,,,,,,,,,
Big Card,4,16000,10,55,200,4293848814,42,200,0,200% Attack Range,"",,,,,,,,,,,,,,,,,,,,,,,,,,,,,,,,,,,,,,,,,,,,,,
poison claw,5,9500,3,19,1,4278255360,1,3,0,9,18,3,8,15,30,15,1,9,4278255360,2,8,20,8,8,0,7,10,20,0,100,0,0,0,4,15,40,0,0,5,5,0,,,,,,,,,,,,,,,,
ice blade,5,9500,4,22,2,4289374975,1,7,0,20,20,1,15,20,30,30,1,4,2292886271,2,8,16,8,8,0,20,60,10,0,100,1,0,50,2,20,35,0,0,15,35,10,,,,,,,,,,,,,,,,
pierce arrow,5,9500,5,17,3,4293848814,1,4,0,16,24,4,80,30,40,90,1,3,4293848814,1,16,16,8,8,0,0,300,10,8,100,1,0,0,0,0,0,0,,,,,,,,,,,,,,,,,,,,
electric shock,5,9500,6,25,4,4294967142,1,9,0,1,20,30,1,80,90,30,1,10,2298478438,2,16,12,16,16,60,0,30,10,0,90,0,0,0,3,0,0,0,,,,,,,,,,,,,,,,,,,,
electric staff,5,9500,12,45,5,4294967142,1,6,0,1,9,3,2,80,90,70,0,14,2298478438,2,16,16,16,16,15,0,30,10,0,90,0,0,0,3,0,0,0,,,,,,,,,,,,,,,,,,,,
hunting gun,5,9500,14,29,6,4284887859,1,3,0,140,160,1,50,50,60,120,1,17,4284900966,1,16,32,8,8,0,0,300,10,0,100,0,0,0,0,0,30,0,,,,,,,,,,,,,,,,,,,,
thunder flail,5,9500,15,37,7,4294967040,1,5,0,5,20,5,5,15,20,40,1,18,4294967108,2,6,16,8,8,0,0,100,10,0,100,0,0,0,3,0,150,0,0,1,99,0,,,,,,,,,,,,,,,,
ice chakram,5,9500,18,43,8,4289374975,20,9,0,7,8,3,1,20,30,60,1,4,4289374975,2,16,24,16,16,0,25,50,10,0,90,0,1,0,2,20,40,0,0,30,45,0,,,,,,,,,,,,,,,,
Quick's Card,5,20000,10,46,200,4287124736,21,50,0,-50% Limit AGI,"",,,,,,,,,,,,,,,,,,,,,,,,,,,,,,,,,,,,,,,,,,,,,,
Long Sword's Card,5,20000,10,47,200,4281545523,22,15,0,+15 Length of sword,"",,,,,,,,,,,,,,,,,,,,,,,,,,,,,,,,,,,,,,,,,,,,,,
Catapult's Card,5,20000,10,48,200,4284887808,23,100,0,+100 Length,"",,,,,,,,,,,,,,,,,,,,,,,,,,,,,,,,,,,,,,,,,,,,,,
Guide's Card,5,20000,10,50,200,4288282521,25,50,0,+50 guide Range,"",,,,,,,,,,,,,,,,,,,,,,,,,,,,,,,,,,,,,,,,,,,,,,
Bullet's Card,5,20000,10,51,200,4281545523,26,6,0,+6 bullet,"",,,,,,,,,,,,,,,,,,,,,,,,,,,,,,,,,,,,,,,,,,,,,,
Critical's Card,5,20000,10,53,200,4294967142,29,25,400,25% chance of,AT +400%,,,,,,,,,,,,,,,,,,,,,,,,,,,,,,,,,,,,,,,,,,,,,,
Berserk Card,5,20000,10,54,200,4291559424,28,250,250,AT +250%,DF -250%,,,,,,,,,,,,,,,,,,,,,,,,,,,,,,,,,,,,,,,,,,,,,,
freeze claw,6,10000,3,19,1,4291611903,1,3,0,10,20,3,10,15,32,15,1,9,2295123199,2,8,32,8,8,0,9,10,10,0,100,1,0,0,5,15,45,0,0,18,36,0,,,,,,,,,,,,,,,,
long blade,6,10000,4,22,2,4290493371,1,0,0,50,100,0,0,20,30,45,0,0,0,1,0,0,0,0,0,0,0,0,0,0,0,0,0,0,0,0,0,,,,,,,,,,,,,,,,,,,,
quint poison,6,10000,5,17,3,4288269312,1,4,0,16,24,5,80,30,40,90,1,3,4288269312,1,16,16,8,8,0,0,300,10,5,100,0,0,0,4,50,40,1,0,2,2,1,0,6,2291780608,1,24,24,8,8,0,0,100,10,0,100,0,0
freeze explosion,6,10000,6,25,4,4291611903,1,9,1,5,10,6,9,80,90,90,1,4,2295123199,2,16,48,48,48,0,25,30,10,0,80,0,2,0,5,10,0,0,,,,,,,,,,,,,,,,,,,,
long silver staff,6,10000,12,45,5,4294967295,1,6,0,10,15,1,0,80,90,170,0,15,4294967295,2,24,24,24,24,0,0,100,40,0,100,0,0,0,0,0,0,0,,,,,,,,,,,,,,,,,,,,
M9 grenade,6,10000,14,30,6,4294910481,1,4,0,18,48,1,40,70,80,60,1,17,4294910481,1,16,16,8,8,0,0,100,10,10,100,0,0,0,1,50,55,4,1,6,18,9,0,5,3439272465,2,16,32,16,32,0,0,100,10,15,90,0,1
ice flail,6,10000,15,37,7,4291611903,1,109,0,6,21,5,3,15,20,40,1,4,2295123199,2,16,16,8,8,0,20,200,10,20,100,0,1,0,2,20,120,0,0,45,60,0,,,,,,,,,,,,,,,,
thorn chakram,6,10000,18,43,8,4291603080,25,9,0,8,9,16,5,20,30,60,1,9,4291603080,1,16,16,16,16,0,10,150,10,0,90,0,2,0,0,0,150,0,0,30,90,0,,,,,,,,,,,,,,,,
Big Card,5,20000,10,55,200,4293848814,42,300,0,300% Attack Range,"",,,,,,,,,,,,,,,,,,,,,,,,,,,,,,,,,,,,,,,,,,,,,,
Ruby,5,10000,9,8,200,4294901760,13,8,12,Add 8-12 fire,damage,,,,,,,,,,,,,,,,,,,,,,,,,,,,,,,,,,,,,,,,,,,,,,
Garnet,5,10000,9,8,200,4294914867,14,70,0,+1.4s Fire Length,"",,,,,,,,,,,,,,,,,,,,,,,,,,,,,,,,,,,,,,,,,,,,,,
Sapphire,5,10000,9,8,200,4284914175,15,15,25,Add 15-25 ice,damage,,,,,,,,,,,,,,,,,,,,,,,,,,,,,,,,,,,,,,,,,,,,,,
Aquamarine,5,10000,9,8,200,4284927231,16,25,0,+25% Cold effect,"",,,,,,,,,,,,,,,,,,,,,,,,,,,,,,,,,,,,,,,,,,,,,,
Topaz,5,10000,9,8,200,4294954035,17,0,30,Add 0-30 thunder,damage,,,,,,,,,,,,,,,,,,,,,,,,,,,,,,,,,,,,,,,,,,,,,,
Emerald,5,10000,9,8,200,4281597747,18,2,3,Add 2-3 poison,damage,,,,,,,,,,,,,,,,,,,,,,,,,,,,,,,,,,,,,,,,,,,,,,
Peridot,5,10000,9,8,200,4288282419,19,250,0,+5s Poison Length,"",,,,,,,,,,,,,,,,,,,,,,,,,,,,,,,,,,,,,,,,,,,,,,
Diamond,5,10000,9,8,200,4294967295,20,25,0,+0.5s Freeze Length,"",,,,,,,,,,,,,,,,,,,,,,,,,,,,,,,,,,,,,,,,,,,,,,
Ice Spirit,1,4000,17,40,200,4284927231,41,50,378,50% enemy dies,Freeze arrow,,,,,,,,,,,,,,,,,,,,,,,,,,,,,,,,,,,,,,,,,,,,,,
Ice Spirit,0,0,0,0,0,0,1,109,0,25,50,4,1,0,0,0,1,3,4291611903,2,16,16,8,8,0,25,2000,10,0,100,0,2,0,5,50,0,0,,,,,,,,,,,,,,,,,,,,
Ice Spirit,2,8000,17,40,200,4284927231,41,20,380,20% enemy dies,Ice mist,,,,,,,,,,,,,,,,,,,,,,,,,,,,,,,,,,,,,,,,,,,,,,
Ice Spirit,0,0,0,0,0,0,1,2404,1,5,5,9,50,0,0,0,0,6,1154272511,2,32,32,48,48,0,50,51,10,2,95,0,1,0,2,40,0,0,,,,,,,,,,,,,,,,,,,,
Ice Spirit,3,12000,17,40,200,4284927231,41,20,382,20% enemy dies,Freeze spike,,,,,,,,,,,,,,,,,,,,,,,,,,,,,,,,,,,,,,,,,,,,,,
Ice Spirit,0,0,0,0,0,0,1,4,0,5,5,25,100,0,0,0,1,9,3435973887,2,12,12,6,6,0,25,200,10,5,100,0,0,0,5,20,0,0,,,,,,,,,,,,,,,,,,,,
Ice Spirit,4,20000,17,40,200,4284927231,41,40,384,40% enemy dies,Ice meteor,,,,,,,,,,,,,,,,,,,,,,,,,,,,,,,,,,,,,,,,,,,,,,
Ice Spirit,0,0,0,0,0,0,1,105,0,100,150,1,5,0,0,0,1,16,4291611903,2,16,16,8,8,0,0,100,10,0,100,0,0,0,2,20,0,4,0,10,15,9,1,16,3431500031,2,12,12,6,6,0,10,100,10,5,100,0,0
Bronze Medal,5,10000,11,10,200,4292708369,33,50,0,+50% Drop rate,"",,,,,,,,,,,,,,,,,,,,,,,,,,,,,,,,,,,,,,,,,,,,,,
Silver Medal,5,10000,11,10,200,4291611852,34,50,0,+50% ONIGIRI Drop,"",,,,,,,,,,,,,,,,,,,,,,,,,,,,,,,,,,,,,,,,,,,,,,
Gold Medal,5,10000,11,10,200,4294958336,35,50,0,+50% Gold UP,"",,,,,,,,,,,,,,,,,,,,,,,,,,,,,,,,,,,,,,,,,,,,,,
Iron Medal,5,10000,11,10,200,4284900966,36,50,0,+50% EXP UP,"",,,,,,,,,,,,,,,,,,,,,,,,,,,,,,,,,,,,,,,,,,,,,,
Knockback's Card,1,4000,10,56,200,4288282572,43,25,20,25% chance of,Knockback 20,,,,,,,,,,,,,,,,,,,,,,,,,,,,,,,,,,,,,,,,,,,,,,
Knockback's Card,2,8000,10,56,200,4288282572,43,50,20,50% chance of,Knockback 20,,,,,,,,,,,,,,,,,,,,,,,,,,,,,,,,,,,,,,,,,,,,,,
Knockback's Card,3,12000,10,56,200,4288282572,43,50,30,50% chance of,Knockback 30,,,,,,,,,,,,,,,,,,,,,,,,,,,,,,,,,,,,,,,,,,,,,,
Knockback's Card,4,16000,10,56,200,4288282572,43,100,30,100% chance of,Knockback 30,,,,,,,,,,,,,,,,,,,,,,,,,,,,,,,,,,,,,,,,,,,,,,
Knockback's Card,5,20000,10,56,200,4288282572,43,30,90,30% chance of,Knockback 90,,,,,,,,,,,,,,,,,,,,,,,,,,,,,,,,,,,,,,,,,,,,,,
needle claw,6,11000,3,19,1,4291603080,1,303,0,10,20,30,20,15,32,15,1,9,4291603080,1,8,8,8,8,0,5,10,10,0,90,0,2,0,0,0,90,0,0,12,14,0,,,,,,,,,,,,,,,,
lightsaber,6,11000,4,22,2,4284901119,2,7,0,20,25,1,1,20,30,30,1,9,2286175487,2,16,32,16,16,0,0,10,10,0,100,0,0,0,3,0,120,0,0,1,45,120,,,,,,,,,,,,,,,,
double flame,6,11000,5,15,3,4294940979,1,4,0,16,24,2,80,30,40,90,1,3,4294940979,1,16,16,8,8,0,0,300,10,8,100,0,0,0,1,50,40,3,1,8,9,3,0,6,4294927889,2,16,16,16,16,0,0,100,10,0,98,0,1
ice orb,6,11000,6,25,4,4287138047,1,3,0,0,0,1,6,120,135,60,1,2,4287138047,2,16,16,16,16,0,150,150,10,0,100,0,0,0,2,30,0,2,0,10,15,50,1,9,4287138047,2,16,16,8,8,0,6,50,10,0,95,0,0
poisonous staff,6,11000,12,45,5,4284874905,1,6,0,1,2,1,0,80,90,70,0,15,4284874905,1,24,24,8,8,0,0,100,10,0,100,0,0,0,4,40,0,0,,,,,,,,,,,,,,,,,,,,
power laser gun,6,11000,14,31,6,4291559424,1,3,1,24,36,1,20,20,30,50,1,18,4291559424,1,8,16,8,8,0,0,200,10,0,100,1,0,0,1,100,45,0,,,,,,,,,,,,,,,,,,,,
thorn flail,6,11000,15,37,7,4291603080,1,403,0,6,22,45,20,15,20,40,1,9,4291603080,1,8,8,8,8,0,5,100,10,0,100,1,0,0,0,0,160,0,0,18,22,0,,,,,,,,,,,,,,,,
power chakram,6,11000,18,43,8,4294967295,20,0,0,60,120,0,0,20,30,60,0,0,0,1,0,0,0,0,0,0,0,0,0,0,0,0,0,0,0,0,0,,,,,,,,,,,,,,,,,,,,
Indra arrow,6,20000,5,4,3,4294967040,1,4,0,1,3333,1,120,60,80,90,1,3,4294967040,1,16,16,8,8,0,0,500,10,8,100,0,0,0,3,0,0,0,,,,,,,,,,,,,,,,,,,,
Napalm bomb,6,20000,14,32,6,4294914833,1,4,0,0,0,1,120,160,180,80,1,17,4294914833,1,32,32,8,8,0,200,200,10,5,100,0,0,0,1,50,200,8,1,8,8,30,1,6,2298426129,2,32,32,24,24,10,0,150,30,0,95,0,2
Poison Spirit,4,20000,17,40,200,4278255360,41,60,405,60% enemy dies,Poison,,,,,,,,,,,,,,,,,,,,,,,,,,,,,,,,,,,,,,,,,,,,,,
Poison Spirit,0,0,0,0,0,0,1,109,1,1,1,6,1,0,0,0,0,6,1147600640,2,24,24,32,32,0,50,51,10,0,88,0,1,0,4,1000,0,0,,,,,,,,,,,,,,,,,,,,
Reflection Card,1,4000,10,57,200,4294967244,44,25,0,25% chance of,Reflection,,,,,,,,,,,,,,,,,,,,,,,,,,,,,,,,,,,,,,,,,,,,,,
Reflection Card,2,8000,10,57,200,4294967244,44,50,0,50% chance of,Reflection,,,,,,,,,,,,,,,,,,,,,,,,,,,,,,,,,,,,,,,,,,,,,,
Reflection Card,3,12000,10,57,200,4294967244,44,75,0,75% chance of,Reflection,,,,,,,,,,,,,,,,,,,,,,,,,,,,,,,,,,,,,,,,,,,,,,
Reflection Card,4,16000,10,57,200,4294967244,44,100,0,100% chance of,Reflection,,,,,,,,,,,,,,,,,,,,,,,,,,,,,,,,,,,,,,,,,,,,,,
spark claw,6,12000,3,19,1,4294967176,1,109,0,10,20,10,1,15,32,15,1,13,4294967244,2,8,8,8,8,8,20,120,10,1,99,0,2,20,3,0,100,0,0,1,99,0,,,,,,,,,,,,,,,,
flame blade,6,12000,4,22,2,4294919236,1,7,1,20,25,1,10,20,30,30,1,6,2298430481,2,10,30,16,16,0,0,60,10,-1,90,1,0,0,1,50,120,0,0,6,9,120,,,,,,,,,,,,,,,,
quad steel arrow,6,12000,5,17,3,4288256409,1,604,0,48,72,4,60,30,40,90,1,3,4288256409,1,16,16,8,8,0,0,300,10,8,100,0,0,0,0,0,0,0,,,,,,,,,,,,,,,,,,,,
lava,6,12000,6,25,4,4294919168,1,4,0,2,6,1,50,120,135,80,0,12,4294919168,2,16,16,8,8,0,0,100,10,8,100,0,0,0,1,50,0,9,1,6,9,30,0,5,1157588497,2,16,24,16,32,50,0,100,10,1,100,0,1
freeze exp staff,6,12000,12,45,5,4291611903,1,6,1,5,5,1,0,80,90,70,0,15,4291611903,2,16,16,12,12,0,0,100,40,0,100,0,0,0,5,5,0,0,,,,,,,,,,,,,,,,,,,,
wave cannon,6,12000,14,32,6,4284900864,1,3,0,120,180,1,30,80,90,60,1,17,4284900864,1,32,32,16,16,0,0,50,10,5,100,0,0,0,0,0,70,9,0,100,150,6,1,11,4284892194,2,12,40,20,20,25,10,50,20,0,98,1,0
poison flail,6,12000,15,37,7,4287103231,1,9,0,6,23,5,1,15,20,40,0,6,2290614527,1,16,16,8,8,100,20,300,20,0,99,0,1,0,4,200,240,0,0,4,5,0,,,,,,,,,,,,,,,,
quick chakram,6,12000,18,43,8,4288282521,25,9,1,8,9,3,1,5,10,60,1,9,4289396650,2,16,16,16,16,0,15,50,10,0,95,1,0,0,0,0,50,0,0,33,33,0,,,,,,,,,,,,,,,,
White Stone,6,2400,7,6,200,4294967295,1,400,0,LP +400,"",,,,,,,,,,,,,,,,,,,,,,,,,,,,,,,,,,,,,,,,,,,,,,
Red Stone,6,2400,7,6,200,4294914867,2,30,0,STR +30,"",,,,,,,,,,,,,,,,,,,,,,,,,,,,,,,,,,,,,,,,,,,,,,
Green Stone,6,2400,7,6,200,4281597747,3,30,0,DEX +30,"",,,,,,,,,,,,,,,,,,,,,,,,,,,,,,,,,,,,,,,,,,,,,,
Blue Stone,6,2400,7,6,200,4281545727,4,30,0,MAG +30,"",,,,,,,,,,,,,,,,,,,,,,,,,,,,,,,,,,,,,,,,,,,,,,
Black Stone,6,2400,7,6,200,4284900966,5,15,0,STR DEX MAG +15,"",,,,,,,,,,,,,,,,,,,,,,,,,,,,,,,,,,,,,,,,,,,,,,
Katana's Card,6,24000,10,58,200,4281545523,45,40,10,AT +40%,+10 Length of sword,,,,,,,,,,,,,,,,,,,,,,,,,,,,,,,,,,,,,,,,,,,,,,
Red Crystal,6,7200,8,7,200,4294936712,6,6,18,AT +(6-18),"",,,,,,,,,,,,,,,,,,,,,,,,,,,,,,,,,,,,,,,,,,,,,,
Yellow Crystal,6,7200,8,7,200,4294967176,7,70,0,AT +70%,"",,,,,,,,,,,,,,,,,,,,,,,,,,,,,,,,,,,,,,,,,,,,,,
Silver Crystal,6,7200,8,7,200,4291611852,8,15,0,Defense +15,"",,,,,,,,,,,,,,,,,,,,,,,,,,,,,,,,,,,,,,,,,,,,,,
Purple Crystal,6,7200,8,7,200,4291598847,9,60,0,Magic Defense 60%,"",,,,,,,,,,,,,,,,,,,,,,,,,,,,,,,,,,,,,,,,,,,,,,
Black Crystal,6,7200,8,7,200,4284900966,10,60,0,Block rate 60%,"",,,,,,,,,,,,,,,,,,,,,,,,,,,,,,,,,,,,,,,,,,,,,,
sonic claw,6,13000,3,19,1,4294967295,1,3,1,36,54,7,10,5,10,15,1,12,1157627903,2,32,3,0,0,0,10,10,10,0,90,1,0,0,0,0,-1,0,,,,,,,,,,,,,,,,,,,,
frozen blade,6,13000,4,22,2,4288269567,1,3,1,20,25,1,20,20,30,30,1,4,3432631551,2,16,64,48,48,0,5,10,40,0,100,0,0,0,5,5,120,0,0,40,60,3,,,,,,,,,,,,,,,,
undecuple arrow,6,13000,5,17,3,4288256409,1,4,0,24,36,11,80,45,60,90,1,3,4288256409,1,16,16,8,8,0,0,300,10,8,100,0,0,0,0,0,0,0,,,,,,,,,,,,,,,,,,,,
thunder orb,6,13000,6,25,4,4294967091,2,3,0,0,0,1,10,120,135,60,0,2,4294967142,2,16,16,16,16,0,200,200,10,0,100,0,0,0,3,0,0,2,0,1,90,25,0,15,4294967142,2,16,16,8,8,0,10,50,10,0,60,0,0
mega exp staff,6,13000,12,45,5,4294936576,1,6,1,10,15,1,0,80,90,70,0,2,2298447906,2,32,32,32,32,0,0,100,40,0,100,0,0,0,1,0,0,0,,,,,,,,,,,,,,,,,,,,
pierce homing,6,13000,14,33,6,4294967091,1,3,0,12,16,7,30,20,30,70,1,11,4294967091,1,8,16,8,8,0,0,200,10,0,100,1,0,150,3,0,45,0,,,,,,,,,,,,,,,,,,,,
explosion flail,6,13000,15,37,7,4294927906,1,9,1,6,24,3,5,15,20,40,1,19,2298430498,2,16,16,16,16,0,19,20,3,0,80,1,0,0,1,0,360,0,0,120,160,0,,,,,,,,,,,,,,,,
charge chakram,6,13000,18,43,8,4288269567,25,11,0,8,9,1,1,20,30,60,0,7,4288269567,2,16,16,16,16,0,200,200,25,0,100,0,2,0,2,20,600,2,0,40,60,50,1,4,2292886271,2,8,16,8,8,0,5,100,10,0,104,0,0
Bronze Medal,6,12000,11,10,200,4292708369,33,75,0,+75% Drop rate,"",,,,,,,,,,,,,,,,,,,,,,,,,,,,,,,,,,,,,,,,,,,,,,
Silver Medal,6,12000,11,10,200,4291611852,34,75,0,+75% ONIGIRI Drop,"",,,,,,,,,,,,,,,,,,,,,,,,,,,,,,,,,,,,,,,,,,,,,,
Gold Medal,6,12000,11,10,200,4294958336,35,75,0,+75% Gold UP,"",,,,,,,,,,,,,,,,,,,,,,,,,,,,,,,,,,,,,,,,,,,,,,
Iron Medal,6,12000,11,10,200,4284900966,36,75,0,+75% EXP UP,"",,,,,,,,,,,,,,,,,,,,,,,,,,,,,,,,,,,,,,,,,,,,,,
Heal's Card,1,48000,10,59,200,4294967295,46,1,0,Heal to attack each,+1,,,,,,,,,,,,,,,,,,,,,,,,,,,,,,,,,,,,,,,,,,,,,,
Heal's Card,2,48000,10,59,200,4294967295,46,2,0,Heal to attack each,+2,,,,,,,,,,,,,,,,,,,,,,,,,,,,,,,,,,,,,,,,,,,,,,
Ruby,6,12000,9,8,200,4294901760,13,10,15,Add 10-15 fire,damage,,,,,,,,,,,,,,,,,,,,,,,,,,,,,,,,,,,,,,,,,,,,,,
Garnet,6,12000,9,8,200,4294914867,14,85,0,+1.7s Fire Length,"",,,,,,,,,,,,,,,,,,,,,,,,,,,,,,,,,,,,,,,,,,,,,,
Diamond,6,12000,9,8,200,4294967295,20,30,0,+0.6s Freeze Length,"",,,,,,,,,,,,,,,,,,,,,,,,,,,,,,,,,,,,,,,,,,,,,,
Sapphire,6,12000,9,8,200,4284914175,15,18,30,Add 18-30 ice,damage,,,,,,,,,,,,,,,,,,,,,,,,,,,,,,,,,,,,,,,,,,,,,,
Aquamarine,6,12000,9,8,200,4284927231,16,30,0,+30% Cold effect,"",,,,,,,,,,,,,,,,,,,,,,,,,,,,,,,,,,,,,,,,,,,,,,
Topaz,6,12000,9,8,200,4294954035,17,0,39,Add 0-39 thunder,damage,,,,,,,,,,,,,,,,,,,,,,,,,,,,,,,,,,,,,,,,,,,,,,
Emerald,6,12000,9,8,200,4281597747,18,3,3,Add 3-3 poison,damage,,,,,,,,,,,,,,,,,,,,,,,,,,,,,,,,,,,,,,,,,,,,,,
Peridot,6,12000,9,8,200,4288282419,19,300,0,+6s Poison Length,"",,,,,,,,,,,,,,,,,,,,,,,,,,,,,,,,,,,,,,,,,,,,,,
thunder cestus,7,15000,3,20,1,4294967142,1,9,0,11,22,5,4,15,34,15,1,20,4294967091,2,16,48,16,16,10,3,10,10,0,95,1,0,0,3,0,40,0,0,1,120,0,,,,,,,,,,,,,,,,
GreatSword,7,15000,4,23,2,4289374890,1,0,0,150,250,0,0,20,30,30,0,0,0,1,0,0,0,0,0,0,0,0,0,0,0,0,0,0,0,0,0,,,,,,,,,,,,,,,,,,,,
nonuple shot,7,15000,5,14,3,4294954086,1,803,0,8,12,9,80,30,40,150,1,3,4294954086,1,16,16,8,8,0,0,300,10,5,100,0,0,0,0,0,0,0,,,,,,,,,,,,,,,,,,,,
spread explosion,7,15000,6,26,4,4294936576,1,4,0,20,40,10,50,80,90,80,0,12,4294936610,2,16,16,8,8,15,50,200,10,5,100,0,2,0,1,0,0,1,1,30,50,1,0,21,4294936610,2,48,48,32,32,0,0,10,20,0,100,0,0
strike rod,7,15000,12,60,5,4294919236,1,6,0,55,55,1,0,80,90,30,0,21,4294919236,2,24,24,24,24,0,0,100,40,0,100,0,0,0,0,0,0,0,,,,,,,,,,,,,,,,,,,,
magnum,7,15000,14,61,6,4291611852,1,3,1,80,120,1,30,20,30,60,1,17,4291611852,1,16,16,8,8,0,0,50,10,0,100,0,0,0,0,0,15,0,,,,,,,,,,,,,,,,,,,,
morning star,7,15000,15,38,7,4289374890,1,0,0,100,200,0,0,15,20,40,0,0,0,1,0,0,0,0,0,0,0,0,0,0,0,0,0,0,0,0,0,,,,,,,,,,,,,,,,,,,,
fire god,7,15000,18,44,8,4294919236,25,109,0,9,10,20,1,20,30,60,1,22,1728013841,2,16,16,16,16,0,0,100,15,0,98,1,0,0,1,50,200,0,0,36,48,0,,,,,,,,,,,,,,,,
Ring's Card,1,4000,10,62,200,4294967091,47,1,0,Ring +1,"",,,,,,,,,,,,,,,,,,,,,,,,,,,,,,,,,,,,,,,,,,,,,,
Ring's Card,2,8000,10,62,200,4294967091,47,1,50,Ring +1,LP +50,,,,,,,,,,,,,,,,,,,,,,,,,,,,,,,,,,,,,,,,,,,,,,
Ring's Card,3,12000,10,62,200,4294967091,47,1,100,Ring +1,LP +100,,,,,,,,,,,,,,,,,,,,,,,,,,,,,,,,,,,,,,,,,,,,,,
Ring's Card,4,16000,10,62,200,4294967091,47,1,150,Ring +1,LP +150,,,,,,,,,,,,,,,,,,,,,,,,,,,,,,,,,,,,,,,,,,,,,,
Ring's Card,5,20000,10,62,200,4294967091,47,1,200,Ring +1,LP +200,,,,,,,,,,,,,,,,,,,,,,,,,,,,,,,,,,,,,,,,,,,,,,
Ring's Card,6,24000,10,62,200,4294967091,47,1,300,Ring +1,LP +300,,,,,,,,,,,,,,,,,,,,,,,,,,,,,,,,,,,,,,,,,,,,,,
Long Sword's Card,6,24000,10,47,200,4281545523,22,20,0,+20 Length of sword,"",,,,,,,,,,,,,,,,,,,,,,,,,,,,,,,,,,,,,,,,,,,,,,
Catapult's Card,6,24000,10,48,200,4284887808,23,120,0,+120 Length,"",,,,,,,,,,,,,,,,,,,,,,,,,,,,,,,,,,,,,,,,,,,,,,
Guide's Card,6,24000,10,50,200,4288282521,25,60,0,+60 guide Range,"",,,,,,,,,,,,,,,,,,,,,,,,,,,,,,,,,,,,,,,,,,,,,,
Bullet's Card,6,24000,10,51,200,4281545523,26,0,125,+125% bullet,"",,,,,,,,,,,,,,,,,,,,,,,,,,,,,,,,,,,,,,,,,,,,,,
Critical's Card,6,24000,10,53,200,4294967142,29,20,600,20% chance of,AT +600%,,,,,,,,,,,,,,,,,,,,,,,,,,,,,,,,,,,,,,,,,,,,,,
Berserk Card,6,24000,10,54,200,4291559424,28,300,200,AT +300%,DF -200%,,,,,,,,,,,,,,,,,,,,,,,,,,,,,,,,,,,,,,,,,,,,,,
fire cestus,7,16000,3,20,1,4294919236,1,9,0,11,22,5,2,15,34,15,1,22,4294927889,2,4,24,16,16,10,0,50,10,0,95,1,0,0,1,50,40,0,0,20,40,0,,,,,,,,,,,,,,,,
fire GS,7,16000,4,23,2,4294919236,1,1,0,30,30,0,0,20,30,30,0,23,3439289873,2,16,32,16,32,0,0,200,10,50,100,0,1,0,1,35,40,0,0,6,8,15,,,,,,,,,,,,,,,,
flame shot,7,16000,5,14,3,4294919236,1,803,0,8,12,5,10,30,40,90,1,3,4294919236,1,16,16,8,8,0,0,300,10,0,100,0,0,0,1,50,45,5,1,12,16,1,1,22,4294927889,2,16,16,16,16,0,0,100,10,0,100,1,0
ice bolt,7,16000,6,26,4,4290493439,1,5,0,25,35,3,5,80,90,90,1,9,4287138047,1,16,16,8,8,0,0,100,10,0,100,0,0,0,2,45,0,0,,,,,,,,,,,,,,,,,,,,
inferno rod,7,16000,12,60,5,4294927889,1,6,0,20,25,1,0,80,90,70,1,22,4294927889,2,12,12,16,16,0,0,150,10,0,96,1,0,20,1,30,0,0,,,,,,,,,,,,,,,,,,,,
micro uzi,7,16000,14,27,6,4280427110,1,103,0,16,32,3,30,5,10,50,1,17,4280427110,1,16,16,8,8,5,0,50,10,0,100,0,0,0,0,0,35,0,,,,,,,,,,,,,,,,,,,,
stone ms,7,16000,15,38,7,4287120384,1,104,0,7,26,3,80,15,20,40,0,13,4282664004,1,16,16,8,8,0,20,200,10,9,100,0,0,0,0,0,70,0,0,60,110,0,,,,,,,,,,,,,,,,
thunder god,7,16000,18,44,8,4294967108,25,11,0,9,10,20,20,20,30,60,1,10,2298478336,1,16,16,16,16,0,5,100,10,0,98,0,2,0,3,0,180,0,0,1,399,0,,,,,,,,,,,,,,,,
mach cestus,7,17000,3,20,1,4291611852,1,0,0,80,120,0,0,4,6,15,0,0,0,1,0,0,0,0,0,0,0,0,0,0,0,0,0,0,0,0,0,,,,,,,,,,,,,,,,,,,,
thunder GS,7,17000,4,23,2,4294967142,1,7,0,30,30,9,1,20,30,30,1,10,2298478404,2,8,32,16,16,30,0,3,3,0,100,0,0,0,3,0,40,0,0,1,29,10,,,,,,,,,,,,,,,,
oct poison,7,17000,5,17,3,4288269312,1,4,0,16,24,8,80,30,40,90,1,3,4288269312,1,16,16,8,8,0,0,300,10,5,100,0,0,0,4,50,45,1,0,3,3,1,0,6,2291780608,1,24,24,8,8,0,0,100,10,0,100,0,0
hell fire,7,17000,6,26,4,4294910498,1,103,0,2,6,30,5,80,90,40,1,6,2298439185,2,16,16,16,16,40,0,80,10,0,100,0,0,0,1,50,0,0,,,,,,,,,,,,,,,,,,,,
thunder rod,7,17000,12,60,5,4294967142,1,6,0,1,30,3,0,80,90,70,0,21,2298478438,2,16,16,16,16,15,0,100,10,0,100,0,0,0,3,0,0,0,,,,,,,,,,,,,,,,,,,,
triple shotgun,7,17000,14,28,6,4287120418,1,803,0,1,120,15,30,50,60,50,0,13,4287120418,1,16,16,8,8,11,0,30,10,0,100,0,2,0,0,0,50,0,,,,,,,,,,,,,,,,,,,,
fire ms,7,17000,15,38,7,4294919236,1,9,1,7,27,4,1,15,20,40,1,22,1728026897,2,16,16,20,20,0,0,100,10,0,98,1,0,0,1,30,90,0,0,8,15,0,,,,,,,,,,,,,,,,
long god,7,17000,18,44,8,4287120384,10,0,0,40,60,0,0,20,30,180,0,0,0,1,0,0,0,0,0,0,0,0,0,0,0,0,0,0,0,0,0,,,,,,,,,,,,,,,,,,,,
Bronze Medal,7,14000,11,10,200,4292708369,33,100,0,+100% Drop rate,"",,,,,,,,,,,,,,,,,,,,,,,,,,,,,,,,,,,,,,,,,,,,,,
Silver Medal,7,14000,11,10,200,4291611852,34,100,0,+100% ONIGIRI Drop,"",,,,,,,,,,,,,,,,,,,,,,,,,,,,,,,,,,,,,,,,,,,,,,
Gold Medal,7,14000,11,10,200,4294958336,35,100,0,+100% Gold UP,"",,,,,,,,,,,,,,,,,,,,,,,,,,,,,,,,,,,,,,,,,,,,,,
Iron Medal,7,14000,11,10,200,4284900966,36,100,0,+100% EXP UP,"",,,,,,,,,,,,,,,,,,,,,,,,,,,,,,,,,,,,,,,,,,,,,,
White Stone,7,2800,7,6,200,4294967295,1,500,0,LP +500,"",,,,,,,,,,,,,,,,,,,,,,,,,,,,,,,,,,,,,,,,,,,,,,
Red Stone,7,2800,7,6,200,4294914867,2,40,0,STR +40,"",,,,,,,,,,,,,,,,,,,,,,,,,,,,,,,,,,,,,,,,,,,,,,
Green Stone,7,2800,7,6,200,4281597747,3,40,0,DEX +40,"",,,,,,,,,,,,,,,,,,,,,,,,,,,,,,,,,,,,,,,,,,,,,,
Blue Stone,7,2800,7,6,200,4281545727,4,40,0,MAG +40,"",,,,,,,,,,,,,,,,,,,,,,,,,,,,,,,,,,,,,,,,,,,,,,
Black Stone,7,2800,7,6,200,4284900966,5,20,0,STR DEX MAG +20,"",,,,,,,,,,,,,,,,,,,,,,,,,,,,,,,,,,,,,,,,,,,,,,
poison cestus,7,18000,3,20,1,4278255360,1,109,0,11,22,6,5,15,34,15,0,6,4278242304,2,16,16,24,24,0,9,10,10,0,80,0,1,0,4,5,50,0,0,24,24,0,,,,,,,,,,,,,,,,
ice GS,7,18000,4,23,2,4289374975,1,7,1,30,30,1,40,20,30,30,1,22,2292886271,2,8,48,48,48,0,5,6,10,0,100,1,0,0,2,25,45,0,0,25,55,10,,,,,,,,,,,,,,,,
double hell fire,7,18000,5,15,3,4294901862,1,4,0,16,24,2,70,30,40,90,1,3,4288217139,1,16,16,8,8,0,0,300,10,9,100,0,0,0,1,50,50,1,1,90,99,1,0,24,4294910532,2,16,32,16,32,0,0,100,10,30,100,0,1
lightning,7,18000,6,26,4,4294967142,1,11,0,1,90,30,5,80,90,80,1,20,4294967142,2,16,16,16,16,60,0,150,10,0,100,0,0,0,3,0,0,0,,,,,,,,,,,,,,,,,,,,
long gold rod,7,18000,12,60,5,4294956800,1,6,0,10,15,1,0,80,90,190,0,15,4294956800,2,24,24,24,24,0,0,100,40,0,100,0,0,0,0,0,0,0,,,,,,,,,,,,,,,,,,,,
rail gun,7,18000,14,29,6,4282664004,1,3,0,300,320,1,50,50,60,150,1,17,4282664004,1,16,32,8,8,0,0,300,10,0,100,0,0,0,0,0,40,0,,,,,,,,,,,,,,,,,,,,
thunder ms,7,18000,15,38,7,4294967040,1,5,0,7,28,5,5,15,20,40,1,20,4294967108,2,16,32,8,8,50,0,100,10,0,100,0,0,0,3,0,170,0,0,1,222,0,,,,,,,,,,,,,,,,
ice god,7,18000,18,44,8,4289374975,25,11,0,9,10,1,1,20,30,60,0,7,4289374975,2,16,16,16,16,0,100,100,10,0,100,1,0,0,2,30,120,2,0,30,45,30,1,9,2292886271,2,16,16,8,8,0,10,50,10,0,86,0,0
freeze cestus,8,19000,3,20,1,4291611903,1,109,0,12,24,6,10,15,36,15,1,16,2295123199,2,16,16,12,12,0,9,10,30,0,60,1,0,0,5,20,60,0,0,26,60,0,,,,,,,,,,,,,,,,
long GS,8,19000,4,23,2,4290493371,1,0,0,100,200,0,0,20,30,50,0,0,0,1,0,0,0,0,0,0,0,0,0,0,0,0,0,0,0,0,0,,,,,,,,,,,,,,,,,,,,
quint gold arrow,8,19000,5,4,3,4294956800,1,104,0,96,144,5,80,30,40,90,1,3,4294956800,1,16,16,8,8,30,0,300,10,8,100,0,0,0,0,0,0,0,,,,,,,,,,,,,,,,,,,,
permafrost,8,19000,6,26,4,4291611903,1,9,1,15,25,6,9,80,90,90,1,22,1724697855,2,24,48,48,48,0,25,30,10,0,70,1,0,0,5,30,0,0,,,,,,,,,,,,,,,,,,,,
poisonous rod,8,19000,12,60,5,4288217343,1,6,0,2,2,1,0,80,90,70,0,15,4288217343,1,24,24,8,8,0,0,100,10,0,100,0,0,0,4,50,0,0,,,,,,,,,,,,,,,,,,,,
napalm gun,8,19000,14,30,6,4294906112,1,4,0,26,96,1,40,70,80,60,1,17,4294906112,1,16,16,8,8,0,0,100,10,10,100,0,0,0,1,50,70,4,1,15,45,9,0,5,3439269896,2,16,32,16,32,0,0,100,10,8,94,0,1
ice ms,8,19000,15,38,7,4291611903,1,11,0,8,29,5,3,15,20,40,1,4,2295123199,2,16,16,8,8,0,20,200,10,10,100,0,1,0,2,25,120,0,0,90,120,0,,,,,,,,,,,,,,,,
thorn god,8,19000,18,44,8,4291603080,25,9,0,10,11,32,5,20,30,60,1,9,4291603080,1,16,16,16,16,0,10,100,10,0,100,0,2,0,0,0,160,0,0,40,120,0,,,,,,,,,,,,,,,,
needle cestus,8,20000,3,20,1,4291603080,1,303,0,12,24,60,20,15,36,15,1,9,4291603080,1,4,8,8,8,15,5,10,10,0,90,0,2,0,0,0,100,0,0,13,15,0,,,,,,,,,,,,,,,,
lightsaber,8,20000,4,23,2,4294927974,2,7,0,30,35,1,1,20,30,30,1,18,2298430532,2,16,32,16,16,0,0,10,10,0,100,0,0,0,3,0,130,0,0,1,150,130,,,,,,,,,,,,,,,,
vigintuple arrow,8,20000,5,17,3,4294956800,1,1604,0,48,72,20,80,45,60,90,1,3,4294956800,1,16,16,8,8,0,0,300,10,8,100,0,0,0,0,0,0,0,,,,,,,,,,,,,,,,,,,,
ice missile,8,20000,6,26,4,4287138047,1,3,0,0,0,3,30,120,135,90,1,17,4287138047,2,16,16,16,16,0,100,100,10,0,100,0,0,0,2,30,0,2,0,10,15,90,1,6,4287138047,2,12,12,8,8,0,4,5,20,0,90,0,0
freeze exp rod,8,20000,12,60,5,4291611903,1,6,1,5,15,1,0,80,90,70,0,21,4291611903,2,16,16,16,16,0,0,100,40,0,100,0,0,0,5,10,0,0,,,,,,,,,,,,,,,,,,,,
slow laser gun,8,20000,14,31,6,4291559424,1,3,1,32,48,1,10,20,30,50,1,18,4291559424,1,8,12,8,8,0,0,200,10,0,100,1,0,0,1,100,55,0,,,,,,,,,,,,,,,,,,,,
thorn ms,8,20000,15,38,7,4291603080,1,103,0,8,30,90,20,15,20,40,1,9,4291603080,1,8,8,8,8,0,0,100,10,0,100,1,0,0,0,0,160,0,0,18,22,0,,,,,,,,,,,,,,,,
power god,8,20000,18,44,8,4294967295,10,0,0,180,360,0,0,20,30,60,0,0,0,1,0,0,0,0,0,0,0,0,0,0,0,0,0,0,0,0,0,,,,,,,,,,,,,,,,,,,,
spark cestus,8,21000,3,20,1,4294967176,1,109,0,12,24,12,5,15,36,15,1,15,4294967244,2,8,8,8,8,8,20,120,10,1,90,0,2,50,3,0,120,0,0,1,199,0,,,,,,,,,,,,,,,,
flame GS,8,21000,4,23,2,4294919236,1,7,1,30,35,1,50,20,30,30,1,22,2298439185,2,10,20,16,16,0,0,120,10,0,90,1,0,50,1,50,130,0,0,9,12,130,,,,,,,,,,,,,,,,
oct poison shot,8,21000,5,14,3,4288269312,1,3,0,8,12,8,15,30,40,90,1,3,4288269312,1,16,16,4,4,0,0,300,10,0,100,0,0,0,4,50,50,1,0,4,4,1,0,6,2291780608,1,24,24,8,8,0,0,100,10,0,100,1,0
pyroclastic flow,8,21000,6,26,4,4294919168,1,4,0,2,6,1,50,120,135,90,1,12,4294919168,2,16,16,8,8,0,0,200,10,5,100,0,0,0,1,50,0,2,1,9,12,50,0,5,1157588497,2,16,32,16,32,0,0,150,10,5,90,0,1
giga exp rod,8,21000,12,60,5,4294936576,1,6,1,10,15,1,0,80,90,70,0,2,2298447906,2,48,48,48,48,0,0,100,40,0,100,0,0,0,1,0,0,0,,,,,,,,,,,,,,,,,,,,
rocket launcher,8,21000,14,32,6,4282663936,1,3,0,160,240,1,30,80,90,60,1,17,4284900864,1,32,32,16,16,0,0,50,10,5,100,0,0,0,0,0,80,3,0,200,300,6,1,24,4284892194,2,16,64,24,24,5,5,25,20,0,90,1,0
poison ms,8,21000,15,38,7,4287103231,1,9,1,8,31,5,1,15,20,40,0,6,2290614527,1,24,24,8,8,0,20,300,20,0,99,0,1,0,4,250,300,0,0,9,9,0,,,,,,,,,,,,,,,,
quick god,8,21000,18,44,8,4288282521,10,9,1,10,11,5,1,5,10,60,1,20,4289396650,2,16,16,16,16,0,15,50,10,0,95,1,0,0,0,0,50,0,0,55,55,0,,,,,,,,,,,,,,,,
Red Crystal,7,8400,8,7,200,4294936712,6,7,21,AT +(7-21),"",,,,,,,,,,,,,,,,,,,,,,,,,,,,,,,,,,,,,,,,,,,,,,
Yellow Crystal,7,8400,8,7,200,4294967176,7,80,0,AT +80%,"",,,,,,,,,,,,,,,,,,,,,,,,,,,,,,,,,,,,,,,,,,,,,,
Silver Crystal,7,8400,8,7,200,4291611852,8,18,0,Defense +18,"",,,,,,,,,,,,,,,,,,,,,,,,,,,,,,,,,,,,,,,,,,,,,,
Purple Crystal,7,8400,8,7,200,4291598847,9,70,0,Magic Defense 70%,"",,,,,,,,,,,,,,,,,,,,,,,,,,,,,,,,,,,,,,,,,,,,,,
Black Crystal,7,8400,8,7,200,4284900966,10,70,0,Block rate 70%,"",,,,,,,,,,,,,,,,,,,,,,,,,,,,,,,,,,,,,,,,,,,,,,
Ruby,7,14000,9,8,200,4294901760,13,15,20,Add 15-20 fire,damage,,,,,,,,,,,,,,,,,,,,,,,,,,,,,,,,,,,,,,,,,,,,,,
Garnet,7,14000,9,8,200,4294914867,14,100,0,+2.0s Fire Length,"",,,,,,,,,,,,,,,,,,,,,,,,,,,,,,,,,,,,,,,,,,,,,,
Sapphire,7,14000,9,8,200,4284914175,15,21,35,Add 21-35 ice,damage,,,,,,,,,,,,,,,,,,,,,,,,,,,,,,,,,,,,,,,,,,,,,,
Aquamarine,7,14000,9,8,200,4284927231,16,35,0,+35% Cold effect,"",,,,,,,,,,,,,,,,,,,,,,,,,,,,,,,,,,,,,,,,,,,,,,
Topaz,7,14000,9,8,200,4294954035,17,0,49,Add 0-49 thunder,damage,,,,,,,,,,,,,,,,,,,,,,,,,,,,,,,,,,,,,,,,,,,,,,
Emerald,7,14000,9,8,200,4281597747,18,3,4,Add 3-4 poison,damage,,,,,,,,,,,,,,,,,,,,,,,,,,,,,,,,,,,,,,,,,,,,,,
Peridot,7,14000,9,8,200,4288282419,19,350,0,+7s Poison Length,"",,,,,,,,,,,,,,,,,,,,,,,,,,,,,,,,,,,,,,,,,,,,,,
Diamond,7,14000,9,8,200,4294967295,20,35,0,+0.7s Freeze Length,"",,,,,,,,,,,,,,,,,,,,,,,,,,,,,,,,,,,,,,,,,,,,,,
Katana's Card,7,28000,10,58,200,4281545523,45,50,10,AT +50%,+10 Length of sword,,,,,,,,,,,,,,,,,,,,,,,,,,,,,,,,,,,,,,,,,,,,,,
Quick's Card,7,28000,10,46,200,4287124736,21,60,0,-60% Limit AGI,"",,,,,,,,,,,,,,,,,,,,,,,,,,,,,,,,,,,,,,,,,,,,,,
Long Sword's Card,7,28000,10,47,200,4281545523,22,25,0,+25 Length of sword,"",,,,,,,,,,,,,,,,,,,,,,,,,,,,,,,,,,,,,,,,,,,,,,
Catapult's Card,7,28000,10,48,200,4284887808,23,150,0,+150 Length,"",,,,,,,,,,,,,,,,,,,,,,,,,,,,,,,,,,,,,,,,,,,,,,
Guide's Card,7,28000,10,50,200,4288282521,25,70,0,+70 guide Range,"",,,,,,,,,,,,,,,,,,,,,,,,,,,,,,,,,,,,,,,,,,,,,,
Bullet's Card,7,28000,10,51,200,4281545523,26,0,150,+150% bullet,"",,,,,,,,,,,,,,,,,,,,,,,,,,,,,,,,,,,,,,,,,,,,,,
Critical's Card,7,28000,10,53,200,4294967142,29,15,900,15% chance of,AT +900%,,,,,,,,,,,,,,,,,,,,,,,,,,,,,,,,,,,,,,,,,,,,,,
Berserk Card,7,28000,10,54,200,4291559424,28,350,200,AT +350%,DF -200%,,,,,,,,,,,,,,,,,,,,,,,,,,,,,,,,,,,,,,,,,,,,,,
sonic cestus,8,22000,3,20,1,4294967295,1,5703,1,80,120,9,10,5,8,15,1,22,1157627903,2,16,8,0,0,0,10,10,5,0,90,1,0,0,0,0,-1,0,,,,,,,,,,,,,,,,,,,,
frozen GS,8,22000,4,23,2,4288269567,1,3,1,30,35,1,20,20,30,30,1,4,3432631551,2,16,64,48,48,0,5,10,40,0,100,0,0,0,5,5,130,0,0,40,60,9,,,,,,,,,,,,,,,,
hell fire shot,8,22000,5,14,3,4294919236,1,3,0,16,24,3,7,30,40,90,1,3,4294919236,1,16,16,8,8,0,0,300,10,0,100,0,0,0,1,50,55,5,1,24,32,3,1,22,4294927889,2,16,16,16,16,50,0,100,10,0,100,1,0
thunderbolt,8,22000,6,26,4,4294967091,2,3,0,0,0,1,30,120,135,90,0,2,4294967142,2,16,16,4,4,0,0,200,10,0,100,0,0,0,3,0,0,1,1,1,999,1,0,18,4294967142,2,64,512,64,512,0,20,50,10,0,100,0,0
power rod,8,22000,12,60,5,4288217088,1,6,0,100,100,1,0,80,90,30,0,21,4288217088,2,24,24,24,24,0,0,100,40,0,100,0,0,0,0,0,0,0,,,,,,,,,,,,,,,,,,,,
homing laser wave,8,22000,14,33,6,4294967193,1,803,0,20,30,9,30,20,30,70,1,11,4294967193,1,16,16,8,8,0,0,200,10,0,100,1,0,200,3,0,55,0,,,,,,,,,,,,,,,,,,,,
explosion ms,8,22000,15,38,7,4294927906,1,9,1,8,32,3,5,15,20,40,1,19,2298430498,2,8,40,16,16,10,10,15,3,0,80,1,0,0,1,0,500,0,0,360,480,0,,,,,,,,,,,,,,,,
charge god,8,22000,18,44,8,4282664004,25,3,0,10,11,1,1,20,30,60,0,6,4284892194,1,16,16,16,16,0,200,200,25,0,100,1,0,50,0,0,800,2,1,40,60,50,1,24,4284892194,2,16,64,24,24,0,5,25,20,0,90,0,0
Imperial Crown,0,400,19,63,200,4294956800,48,50,0,+50% Enemies,(Passive),,,,,,,,,,,,,,,,,,,,,,,,,,,,,,,,,,,,,,,,,,,,,,
Imperial Crown,2,400,19,63,200,4294956800,48,100,0,+100% Enemies,(Passive),,,,,,,,,,,,,,,,,,,,,,,,,,,,,,,,,,,,,,,,,,,,,,
Imperial Crown,3,400,19,63,200,4294956800,48,150,0,+150% Enemies,(Passive),,,,,,,,,,,,,,,,,,,,,,,,,,,,,,,,,,,,,,,,,,,,,,
Imperial Crown,4,400,19,63,200,4294956800,48,200,0,+200% Enemies,(Passive),,,,,,,,,,,,,,,,,,,,,,,,,,,,,,,,,,,,,,,,,,,,,,
Anger Crown,0,400,19,63,200,4292730333,49,0,0,LV up effect,(Passive),,,,,,,,,,,,,,,,,,,,,,,,,,,,,,,,,,,,,,,,,,,,,,
Anger Crown,0,0,0,0,0,0,1,1,1,1,9999,1,0,0,0,0,0,18,4294967193,2,64,512,64,512,0,0,10,20,0,100,1,0,0,3,0,0,0,,,,,,,,,,,,,,,,,,,,
Anger Crown,0,0,0,0,0,0,1,1,0,1,999,1,0,0,0,0,0,21,4294967193,2,8,8,16,16,0,0,10,3,-9,100,1,0,0,3,0,0,0,,,,,,,,,,,,,,,,,,,,
