index1,index2,tile,map,basyo,enemy,count,,,,,,,,,,,,,,,,,,,,,,,,,,
0,0,0,0,1,0,0,1,0,0,1,0,0,1,0,0,,,,,,,,,,,,,,,,,
0,1,0,100,1,0,,,,,,,,,,,,,,,,,,,,,,,,,,,
1,0,0,1,1,0,5,3,1,1,,,,,,,,,,,,,,,,,,,,,,,
1,1,0,1,1,0,6,3,1,3,,,,,,,,,,,,,,,,,,,,,,,
1,2,0,1,1,0,6,2,1,2,3,2,1,,,,,,,,,,,,,,,,,,,,
1,3,0,1,1,1,5,3,2,3,,,,,,,,,,,,,,,,,,,,,,,
1,4,0,1,1,2,5,3,1,2,,,,,,,,,,,,,,,,,,,,,,,
1,5,0,1,1,0,20,,,,,,,,,,,,,,,,,,,,,,,,,,
1,6,0,1,1,2,8,3,3,1,,,,,,,,,,,,,,,,,,,,,,,
1,7,0,1,1,2,8,2,0,3,3,3,2,,,,,,,,,,,,,,,,,,,,
1,8,0,1,1,2,8,2,3,1,3,3,2,4,3,3,,,,,,,,,,,,,,,,,
1,9,0,100,2,2,2,3,3,2,4,4,1,,,,,,,,,,,,,,,,,,,,
2,0,0,2,2,5,1,3,5,2,4,5,3,,,,,,,,,,,,,,,,,,,,
2,1,0,2,1,5,6,3,6,2,,,,,,,,,,,,,,,,,,,,,,,
2,2,0,2,2,5,6,3,6,4,,,,,,,,,,,,,,,,,,,,,,,
2,3,0,2,2,5,12,,,,,,,,,,,,,,,,,,,,,,,,,,
2,4,0,2,1,5,6,2,6,2,3,6,2,4,7,1,,,,,,,,,,,,,,,,,
2,5,0,2,2,6,3,3,7,2,4,6,3,,,,,,,,,,,,,,,,,,,,
2,6,0,2,2,7,3,3,6,4,,,,,,,,,,,,,,,,,,,,,,,
2,7,0,100,2,5,1,3,5,6,4,8,12,,,,,,,,,,,,,,,,,,,,
3,0,0,2,1,9,2,2,10,1,3,10,1,4,10,1,,,,,,,,,,,,,,,,,
3,1,0,2,1,9,3,2,10,1,3,10,3,4,10,2,,,,,,,,,,,,,,,,,
3,2,0,2,2,10,1,3,10,1,4,9,5,,,,,,,,,,,,,,,,,,,,
3,3,0,2,1,9,3,2,10,2,3,10,3,4,11,2,,,,,,,,,,,,,,,,,
3,4,0,2,1,11,3,2,10,3,3,10,3,4,10,3,,,,,,,,,,,,,,,,,
3,5,0,2,1,10,8,2,10,4,3,9,3,4,12,1,,,,,,,,,,,,,,,,,
3,6,0,2,1,10,8,2,9,3,3,12,1,4,11,5,,,,,,,,,,,,,,,,,
3,7,0,2,1,9,5,2,10,3,3,12,3,4,11,3,,,,,,,,,,,,,,,,,
3,8,0,100,2,12,2,3,13,1,4,11,2,,,,,,,,,,,,,,,,,,,,
4,0,0,2,1,15,3,3,14,1,4,14,1,,,,,,,,,,,,,,,,,,,,
4,1,0,2,1,15,3,2,16,1,3,14,1,4,14,1,,,,,,,,,,,,,,,,,
4,2,0,2,2,15,3,3,16,3,4,14,3,,,,,,,,,,,,,,,,,,,,
4,3,0,2,1,16,6,2,14,1,3,14,1,4,14,1,,,,,,,,,,,,,,,,,
4,4,0,2,1,15,9,4,17,1,,,,,,,,,,,,,,,,,,,,,,,
4,5,0,2,1,17,1,2,15,6,3,16,3,4,14,3,,,,,,,,,,,,,,,,,
4,6,0,2,1,17,2,2,14,3,3,14,3,4,14,3,,,,,,,,,,,,,,,,,
4,7,0,2,1,17,3,2,15,6,3,16,3,4,16,3,,,,,,,,,,,,,,,,,
4,8,0,100,2,15,3,3,18,1,4,15,3,,,,,,,,,,,,,,,,,,,,
5,0,0,2,1,19,5,,,,,,,,,,,,,,,,,,,,,,,,,,
5,1,0,2,1,19,10,,,,,,,,,,,,,,,,,,,,,,,,,,
5,2,0,2,1,19,15,,,,,,,,,,,,,,,,,,,,,,,,,,
5,3,0,2,2,19,5,3,19,5,4,21,1,,,,,,,,,,,,,,,,,,,,
5,4,0,2,1,19,10,3,20,3,,,,,,,,,,,,,,,,,,,,,,,
5,5,0,2,1,19,10,2,21,1,3,20,2,4,21,1,,,,,,,,,,,,,,,,,
5,6,0,2,1,19,5,2,19,3,3,20,3,4,21,3,,,,,,,,,,,,,,,,,
5,7,0,100,2,19,2,3,19,6,4,22,12,,,,,,,,,,,,,,,,,,,,
6,0,0,2,1,23,6,,,,,,,,,,,,,,,,,,,,,,,,,,
6,1,0,2,1,23,8,3,24,3,,,,,,,,,,,,,,,,,,,,,,,
6,2,0,2,1,24,6,2,23,2,3,23,2,4,23,2,,,,,,,,,,,,,,,,,
6,3,0,2,3,24,6,4,23,6,,,,,,,,,,,,,,,,,,,,,,,
6,4,0,2,1,23,9,3,25,1,,,,,,,,,,,,,,,,,,,,,,,
6,5,0,2,1,23,9,2,25,1,3,25,1,4,25,1,,,,,,,,,,,,,,,,,
6,6,0,2,1,23,12,2,24,3,3,25,2,4,25,2,,,,,,,,,,,,,,,,,
6,7,0,2,1,25,6,2,24,3,3,24,3,4,24,3,,,,,,,,,,,,,,,,,
6,8,0,100,1,26,3,2,23,3,3,25,3,4,24,3,,,,,,,,,,,,,,,,,
7,0,0,2,3,27,5,4,28,1,,,,,,,,,,,,,,,,,,,,,,,
7,1,0,2,1,27,5,2,28,1,3,28,1,4,28,1,,,,,,,,,,,,,,,,,
7,2,0,2,1,27,5,2,29,1,3,29,1,4,29,1,,,,,,,,,,,,,,,,,
7,3,0,2,1,28,5,2,29,1,3,29,1,4,29,1,,,,,,,,,,,,,,,,,
7,4,0,2,2,27,5,3,28,3,4,29,2,,,,,,,,,,,,,,,,,,,,
7,5,0,2,1,27,9,3,27,9,,,,,,,,,,,,,,,,,,,,,,,
7,6,0,2,1,28,5,3,29,5,,,,,,,,,,,,,,,,,,,,,,,
7,7,0,100,1,28,5,2,29,2,3,30,1,4,29,2,,,,,,,,,,,,,,,,,
8,0,0,2,3,32,1,4,32,2,,,,,,,,,,,,,,,,,,,,,,,
8,1,0,2,1,31,3,2,32,1,3,32,2,4,32,2,,,,,,,,,,,,,,,,,
8,2,0,2,2,31,3,3,32,2,4,32,3,,,,,,,,,,,,,,,,,,,,
8,3,0,2,1,31,5,3,33,2,,,,,,,,,,,,,,,,,,,,,,,
8,4,0,2,1,32,8,3,33,1,4,33,2,,,,,,,,,,,,,,,,,,,,
8,5,0,2,2,31,5,3,33,4,4,33,3,,,,,,,,,,,,,,,,,,,,
8,6,0,2,1,31,8,2,32,2,3,32,3,4,33,4,,,,,,,,,,,,,,,,,
8,7,0,100,2,32,3,3,33,3,4,34,1,,,,,,,,,,,,,,,,,,,,
9,0,1,1,3,35,10,4,36,1,,,,,,,,,,,,,,,,,,,,,,,
9,1,1,1,2,35,1,3,35,15,4,36,1,,,,,,,,,,,,,,,,,,,,
9,2,1,1,1,35,15,2,37,1,3,37,1,4,37,1,,,,,,,,,,,,,,,,,
9,3,1,1,1,35,15,2,36,1,3,36,1,4,36,1,,,,,,,,,,,,,,,,,
9,4,1,1,1,37,5,2,36,2,3,35,10,4,36,2,,,,,,,,,,,,,,,,,
9,5,1,100,1,36,3,3,38,1,,,,,,,,,,,,,,,,,,,,,,,
10,0,1,100,1,39,0,,,,,,,,,,,,,,,,,,,,,,,,,,
10,1,1,100,4,39,1,,,,,,,,,,,,,,,,,,,,,,,,,,
11,0,2,3,3,41,1,1,42,3,,,,,,,,,,,,,,,,,,,,,,,
11,1,2,3,3,41,1,3,42,6,,,,,,,,,,,,,,,,,,,,,,,
11,2,2,3,3,41,1,4,43,6,,,,,,,,,,,,,,,,,,,,,,,
11,3,2,3,1,41,2,1,43,5,,,,,,,,,,,,,,,,,,,,,,,
11,4,2,3,1,41,3,1,42,9,,,,,,,,,,,,,,,,,,,,,,,
11,5,2,3,1,41,3,1,42,9,1,43,6,,,,,,,,,,,,,,,,,,,,
11,6,2,100,3,44,1,3,43,6,,,,,,,,,,,,,,,,,,,,,,,
12,0,2,3,3,45,1,1,46,3,,,,,,,,,,,,,,,,,,,,,,,
12,1,2,3,3,45,1,5,46,5,,,,,,,,,,,,,,,,,,,,,,,
12,2,2,3,3,45,1,1,47,5,,,,,,,,,,,,,,,,,,,,,,,
12,3,2,3,1,45,2,1,47,9,,,,,,,,,,,,,,,,,,,,,,,
12,4,2,3,5,45,3,5,46,6,,,,,,,,,,,,,,,,,,,,,,,
12,5,2,3,5,45,2,5,46,6,1,47,5,,,,,,,,,,,,,,,,,,,,
12,6,2,100,4,48,1,3,45,2,,,,,,,,,,,,,,,,,,,,,,,
13,0,2,3,1,49,1,1,50,1,,,,,,,,,,,,,,,,,,,,,,,
13,1,2,3,1,49,1,1,51,5,,,,,,,,,,,,,,,,,,,,,,,
13,2,2,3,1,50,1,1,51,5,,,,,,,,,,,,,,,,,,,,,,,
13,3,2,3,1,49,1,1,50,1,1,51,9,,,,,,,,,,,,,,,,,,,,
13,4,2,100,3,52,1,3,49,2,3,50,2,,,,,,,,,,,,,,,,,,,,
14,0,0,4,6,53,10,6,55,5,,,,,,,,,,,,,,,,,,,,,,,
14,1,0,4,6,53,20,6,55,5,,,,,,,,,,,,,,,,,,,,,,,
14,2,0,4,6,53,15,1,54,10,,,,,,,,,,,,,,,,,,,,,,,
14,3,0,4,6,55,8,1,54,10,,,,,,,,,,,,,,,,,,,,,,,
14,4,0,4,6,53,30,6,55,5,,,,,,,,,,,,,,,,,,,,,,,
14,5,0,4,6,53,30,1,54,5,,,,,,,,,,,,,,,,,,,,,,,
14,6,0,4,6,53,20,1,54,5,6,55,5,,,,,,,,,,,,,,,,,,,,
14,7,0,101,6,56,1,1,54,5,6,55,5,,,,,,,,,,,,,,,,,,,,
15,0,3,1,1,58,3,,,,,,,,,,,,,,,,,,,,,,,,,,
15,1,3,1,1,58,4,1,57,5,,,,,,,,,,,,,,,,,,,,,,,
15,2,3,1,1,58,5,1,59,5,,,,,,,,,,,,,,,,,,,,,,,
15,3,3,1,1,58,5,3,57,5,2,59,5,,,,,,,,,,,,,,,,,,,,
15,4,3,1,3,57,8,4,59,8,,,,,,,,,,,,,,,,,,,,,,,
15,5,3,1,1,58,15,1,57,1,1,59,1,,,,,,,,,,,,,,,,,,,,
15,6,3,1,1,58,6,1,57,6,1,59,6,,,,,,,,,,,,,,,,,,,,
15,7,3,100,3,60,3,1,58,10,,,,,,,,,,,,,,,,,,,,,,,
16,0,3,1,1,62,3,1,61,2,,,,,,,,,,,,,,,,,,,,,,,
16,1,3,1,1,62,4,1,63,3,,,,,,,,,,,,,,,,,,,,,,,
16,2,3,1,1,62,5,5,61,5,,,,,,,,,,,,,,,,,,,,,,,
16,3,3,1,1,62,5,5,63,5,,,,,,,,,,,,,,,,,,,,,,,
16,4,3,1,5,61,5,5,63,5,,,,,,,,,,,,,,,,,,,,,,,
16,5,3,1,1,62,15,5,61,1,5,63,1,,,,,,,,,,,,,,,,,,,,
16,6,3,1,1,62,6,5,61,6,5,63,6,,,,,,,,,,,,,,,,,,,,
16,7,3,100,3,64,1,1,62,3,5,61,1,5,63,1,,,,,,,,,,,,,,,,,
17,0,4,5,6,69,1,1,65,5,,,,,,,,,,,,,,,,,,,,,,,
17,1,4,5,6,69,1,1,65,5,3,66,5,,,,,,,,,,,,,,,,,,,,
17,2,4,5,6,69,1,1,65,5,4,67,5,,,,,,,,,,,,,,,,,,,,
17,3,4,5,6,69,1,3,66,5,3,65,5,,,,,,,,,,,,,,,,,,,,
17,4,4,5,6,69,1,2,66,5,3,65,5,4,67,5,,,,,,,,,,,,,,,,,
17,5,4,5,6,69,1,1,66,6,1,65,6,1,67,6,,,,,,,,,,,,,,,,,
17,6,4,102,3,68,1,,,,,,,,,,,,,,,,,,,,,,,,,,
18,0,4,5,6,74,1,1,70,8,,,,,,,,,,,,,,,,,,,,,,,
18,1,4,5,6,74,1,1,70,8,1,71,5,,,,,,,,,,,,,,,,,,,,
18,2,4,5,6,74,1,1,70,8,1,72,5,,,,,,,,,,,,,,,,,,,,
18,3,4,5,6,74,1,3,71,8,1,72,5,,,,,,,,,,,,,,,,,,,,
18,4,4,5,6,74,1,2,70,6,3,71,6,4,72,6,,,,,,,,,,,,,,,,,
18,5,4,5,6,74,1,1,70,8,1,71,8,1,72,8,,,,,,,,,,,,,,,,,
18,6,4,102,3,73,1,1,71,8,,,,,,,,,,,,,,,,,,,,,,,
19,0,4,5,6,79,1,1,75,5,3,76,1,,,,,,,,,,,,,,,,,,,,
19,1,4,5,6,79,1,1,75,5,1,77,2,,,,,,,,,,,,,,,,,,,,
19,2,4,5,6,79,1,1,75,5,5,76,5,,,,,,,,,,,,,,,,,,,,
19,3,4,5,6,79,1,3,75,4,3,76,4,3,77,2,,,,,,,,,,,,,,,,,
19,4,4,5,6,79,1,1,75,5,5,76,5,1,77,3,,,,,,,,,,,,,,,,,
19,5,4,102,3,78,2,4,78,3,3,77,5,4,77,10,,,,,,,,,,,,,,,,,
20,0,0,0,1,80,0,,,,,,,,,,,,,,,,,,,,,,,,,,
20,1,0,100,1,80,0,,,,,,,,,,,,,,,,,,,,,,,,,,
21,0,0,6,1,80,10,3,83,2,,,,,,,,,,,,,,,,,,,,,,,
21,1,0,6,1,81,10,1,83,5,,,,,,,,,,,,,,,,,,,,,,,
21,2,0,6,1,80,12,3,83,3,4,82,1,,,,,,,,,,,,,,,,,,,,
21,3,0,6,1,83,12,1,81,5,3,82,1,,,,,,,,,,,,,,,,,,,,
21,4,0,6,2,80,8,3,81,8,4,83,8,1,82,5,,,,,,,,,,,,,,,,,
21,5,0,100,4,84,1,,,,,,,,,,,,,,,,,,,,,,,,,,
22,0,0,6,1,85,15,3,86,1,,,,,,,,,,,,,,,,,,,,,,,
22,1,0,6,1,85,15,3,86,2,5,87,5,5,88,1,,,,,,,,,,,,,,,,,
22,2,0,6,5,87,20,5,88,2,,,,,,,,,,,,,,,,,,,,,,,
22,3,0,6,1,85,15,3,86,1,5,87,15,5,88,1,,,,,,,,,,,,,,,,,
22,4,0,6,1,85,10,3,86,4,5,87,5,5,88,4,,,,,,,,,,,,,,,,,
22,5,0,100,4,89,1,,,,,,,,,,,,,,,,,,,,,,,,,,
23,0,0,6,3,92,1,3,92,2,,,,,,,,,,,,,,,,,,,,,,,
23,1,0,6,3,90,15,3,92,1,,,,,,,,,,,,,,,,,,,,,,,
23,2,0,6,1,91,15,3,91,5,3,92,1,,,,,,,,,,,,,,,,,,,,
23,3,0,6,5,91,15,3,92,1,,,,,,,,,,,,,,,,,,,,,,,
23,4,0,6,3,90,15,5,91,10,3,92,1,,,,,,,,,,,,,,,,,,,,
23,5,0,100,4,93,1,,,,,,,,,,,,,,,,,,,,,,,,,,
24,0,0,6,3,94,10,4,94,10,4,96,5,,,,,,,,,,,,,,,,,,,,
24,1,0,6,5,95,20,1,96,5,,,,,,,,,,,,,,,,,,,,,,,
24,2,0,6,1,94,30,5,95,30,1,96,5,,,,,,,,,,,,,,,,,,,,
24,3,0,6,3,94,30,5,95,30,3,96,5,,,,,,,,,,,,,,,,,,,,
24,4,0,100,3,97,1,3,96,20,,,,,,,,,,,,,,,,,,,,,,,
25,0,4,4,6,99,10,6,100,1,,,,,,,,,,,,,,,,,,,,,,,
25,1,4,4,6,98,10,6,99,10,6,100,1,,,,,,,,,,,,,,,,,,,,
25,2,4,4,2,98,10,4,98,10,6,100,1,,,,,,,,,,,,,,,,,,,,
25,3,4,4,6,99,20,6,100,5,,,,,,,,,,,,,,,,,,,,,,,
25,4,4,4,3,98,10,6,98,10,6,99,5,6,100,2,,,,,,,,,,,,,,,,,
25,5,4,101,6,101,1,,,,,,,,,,,,,,,,,,,,,,,,,,
26,0,4,4,1,102,20,6,103,3,,,,,,,,,,,,,,,,,,,,,,,
26,1,4,4,1,102,30,1,104,3,,,,,,,,,,,,,,,,,,,,,,,
26,2,4,4,3,102,20,6,103,3,4,104,3,,,,,,,,,,,,,,,,,,,,
26,3,4,4,1,102,20,6,103,8,4,104,5,,,,,,,,,,,,,,,,,,,,
26,4,4,101,1,102,50,3,105,1,,,,,,,,,,,,,,,,,,,,,,,
27,0,4,4,6,106,10,6,107,3,,,,,,,,,,,,,,,,,,,,,,,
27,1,4,4,6,106,20,6,108,2,,,,,,,,,,,,,,,,,,,,,,,
27,2,4,4,6,106,20,6,107,5,6,108,1,,,,,,,,,,,,,,,,,,,,
27,3,4,4,6,106,15,6,107,10,6,108,1,,,,,,,,,,,,,,,,,,,,
27,4,4,4,6,106,35,6,108,3,,,,,,,,,,,,,,,,,,,,,,,
27,5,4,101,6,109,5,,,,,,,,,,,,,,,,,,,,,,,,,,
28,0,4,4,6,111,10,6,112,1,,,,,,,,,,,,,,,,,,,,,,,
28,1,4,4,6,111,20,6,112,1,,,,,,,,,,,,,,,,,,,,,,,
28,2,4,4,6,110,30,6,112,1,,,,,,,,,,,,,,,,,,,,,,,
28,3,4,4,6,111,20,6,112,2,,,,,,,,,,,,,,,,,,,,,,,
28,4,4,101,6,113,1,6,112,2,6,111,10,,,,,,,,,,,,,,,,,,,,
29,0,1,101,6,114,0,,,,,,,,,,,,,,,,,,,,,,,,,,
29,1,1,101,6,114,1,,,,,,,,,,,,,,,,,,,,,,,,,,
30,0,3,2,1,116,5,5,118,3,,,,,,,,,,,,,,,,,,,,,,,
30,1,3,2,1,116,12,1,117,12,,,,,,,,,,,,,,,,,,,,,,,
30,2,3,2,3,116,10,1,116,5,5,118,5,,,,,,,,,,,,,,,,,,,,
30,3,3,2,1,117,12,5,118,8,,,,,,,,,,,,,,,,,,,,,,,
30,4,3,2,1,116,10,3,117,10,5,118,5,,,,,,,,,,,,,,,,,,,,
30,5,3,100,3,119,1,5,118,3,,,,,,,,,,,,,,,,,,,,,,,
31,0,3,2,4,122,1,1,120,5,,,,,,,,,,,,,,,,,,,,,,,
31,1,3,2,4,122,3,1,120,10,,,,,,,,,,,,,,,,,,,,,,,
31,2,3,2,4,122,5,1,121,10,4,120,10,,,,,,,,,,,,,,,,,,,,
31,3,3,100,3,123,1,1,120,10,,,,,,,,,,,,,,,,,,,,,,,
32,0,3,3,1,124,20,,,,,,,,,,,,,,,,,,,,,,,,,,
32,1,3,3,1,125,20,,,,,,,,,,,,,,,,,,,,,,,,,,
32,2,3,3,1,126,20,,,,,,,,,,,,,,,,,,,,,,,,,,
32,3,3,2,1,124,10,1,125,5,1,126,5,,,,,,,,,,,,,,,,,,,,
32,4,3,2,4,124,10,1,125,10,3,126,5,,,,,,,,,,,,,,,,,,,,
32,5,3,3,3,124,30,,,,,,,,,,,,,,,,,,,,,,,,,,
32,6,3,100,3,127,1,,,,,,,,,,,,,,,,,,,,,,,,,,
33,0,3,1,1,128,10,,,,,,,,,,,,,,,,,,,,,,,,,,
33,1,3,1,1,128,50,,,,,,,,,,,,,,,,,,,,,,,,,,
33,2,3,100,1,128,99,1,129,1,,,,,,,,,,,,,,,,,,,,,,,
34,0,5,7,1,130,10,1,132,1,,,,,,,,,,,,,,,,,,,,,,,
34,1,5,7,1,130,15,1,131,15,4,132,2,,,,,,,,,,,,,,,,,,,,
34,2,5,7,1,131,30,1,132,2,,,,,,,,,,,,,,,,,,,,,,,
34,3,5,7,3,130,30,4,132,3,,,,,,,,,,,,,,,,,,,,,,,
34,4,5,7,1,130,20,3,131,20,1,132,3,,,,,,,,,,,,,,,,,,,,
34,5,5,100,3,133,1,4,132,5,,,,,,,,,,,,,,,,,,,,,,,
35,0,5,7,1,134,10,5,135,1,,,,,,,,,,,,,,,,,,,,,,,
35,1,5,7,1,134,30,3,136,5,5,135,3,,,,,,,,,,,,,,,,,,,,
35,2,5,7,5,134,10,1,136,10,5,135,2,,,,,,,,,,,,,,,,,,,,
35,3,5,7,3,134,10,3,136,5,5,135,4,,,,,,,,,,,,,,,,,,,,
35,4,5,7,5,134,30,3,136,5,5,135,3,,,,,,,,,,,,,,,,,,,,
35,5,5,100,3,137,1,3,135,2,,,,,,,,,,,,,,,,,,,,,,,
36,0,5,7,2,138,5,3,139,5,4,140,1,,,,,,,,,,,,,,,,,,,,
36,1,5,7,3,139,10,4,138,10,1,140,2,,,,,,,,,,,,,,,,,,,,
36,2,5,7,1,138,25,3,140,3,,,,,,,,,,,,,,,,,,,,,,,
36,3,5,7,1,139,25,3,140,3,,,,,,,,,,,,,,,,,,,,,,,
36,4,5,7,2,138,15,3,140,3,4,139,15,,,,,,,,,,,,,,,,,,,,
36,5,5,7,3,139,20,1,140,5,,,,,,,,,,,,,,,,,,,,,,,
36,6,5,100,1,141,5,1,138,30,,,,,,,,,,,,,,,,,,,,,,,
37,0,5,7,1,143,10,3,142,3,,,,,,,,,,,,,,,,,,,,,,,
37,1,5,7,1,143,15,3,142,3,3,144,3,,,,,,,,,,,,,,,,,,,,
37,2,5,7,3,143,1,5,142,20,3,144,5,,,,,,,,,,,,,,,,,,,,
37,3,5,7,3,143,1,5,142,10,1,144,15,,,,,,,,,,,,,,,,,,,,
37,4,5,7,2,143,10,5,142,10,3,144,10,,,,,,,,,,,,,,,,,,,,
37,5,5,100,3,145,1,1,143,8,,,,,,,,,,,,,,,,,,,,,,,
38,0,5,7,3,146,1,4,147,1,6,148,1,,,,,,,,,,,,,,,,,,,,
38,1,5,7,1,146,3,6,148,2,,,,,,,,,,,,,,,,,,,,,,,
38,2,5,7,1,147,3,6,148,3,,,,,,,,,,,,,,,,,,,,,,,
38,3,5,7,1,146,2,1,147,2,6,148,3,,,,,,,,,,,,,,,,,,,,
38,4,5,7,3,146,1,3,147,1,6,148,30,,,,,,,,,,,,,,,,,,,,
38,5,5,100,3,149,25,4,149,25,,,,,,,,,,,,,,,,,,,,,,,
39,0,5,4,6,150,10,3,151,10,,,,,,,,,,,,,,,,,,,,,,,
39,1,5,4,6,151,10,3,152,10,,,,,,,,,,,,,,,,,,,,,,,
39,2,5,4,6,152,10,3,150,10,,,,,,,,,,,,,,,,,,,,,,,
39,3,5,4,2,150,10,3,151,10,4,152,10,,,,,,,,,,,,,,,,,,,,
39,4,5,4,6,150,10,6,151,10,6,152,10,,,,,,,,,,,,,,,,,,,,
39,5,5,101,6,153,1,,,,,,,,,,,,,,,,,,,,,,,,,,
40,0,5,7,1,154,3,5,155,2,4,156,1,,,,,,,,,,,,,,,,,,,,
40,1,5,7,1,154,15,3,154,10,3,156,1,,,,,,,,,,,,,,,,,,,,
40,2,5,7,5,155,20,3,156,1,,,,,,,,,,,,,,,,,,,,,,,
40,3,5,7,1,154,15,5,155,15,1,156,2,,,,,,,,,,,,,,,,,,,,
40,4,5,7,2,154,15,5,155,15,1,156,2,,,,,,,,,,,,,,,,,,,,
40,5,5,100,3,157,1,,,,,,,,,,,,,,,,,,,,,,,,,,
41,0,5,7,2,158,10,3,160,1,4,158,10,,,,,,,,,,,,,,,,,,,,
41,1,5,7,5,159,20,3,160,2,,,,,,,,,,,,,,,,,,,,,,,
41,2,5,7,2,158,10,5,159,20,1,160,3,,,,,,,,,,,,,,,,,,,,
41,3,5,7,3,159,20,3,160,5,,,,,,,,,,,,,,,,,,,,,,,
41,4,5,100,3,161,1,1,160,5,,,,,,,,,,,,,,,,,,,,,,,
42,0,5,102,3,162,0,,,,,,,,,,,,,,,,,,,,,,,,,,
42,1,5,102,3,162,1,,,,,,,,,,,,,,,,,,,,,,,,,,
43,0,5,2,2,164,10,4,165,1,,,,,,,,,,,,,,,,,,,,,,,
43,1,5,2,1,165,2,,,,,,,,,,,,,,,,,,,,,,,,,,
43,2,5,2,1,164,30,1,166,3,,,,,,,,,,,,,,,,,,,,,,,
43,3,5,2,2,164,10,4,165,1,1,166,3,,,,,,,,,,,,,,,,,,,,
43,4,5,100,3,167,1,4,165,1,,,,,,,,,,,,,,,,,,,,,,,
44,0,5,8,1,168,15,5,169,3,,,,,,,,,,,,,,,,,,,,,,,
44,1,5,8,1,168,20,6,170,1,,,,,,,,,,,,,,,,,,,,,,,
44,2,5,8,1,168,20,5,169,5,6,170,2,,,,,,,,,,,,,,,,,,,,
44,3,5,8,5,169,30,6,170,2,,,,,,,,,,,,,,,,,,,,,,,
44,4,5,8,1,168,10,5,169,5,6,170,3,,,,,,,,,,,,,,,,,,,,
44,5,5,101,3,171,1,6,170,3,,,,,,,,,,,,,,,,,,,,,,,
45,0,5,8,5,172,5,5,173,5,5,174,1,,,,,,,,,,,,,,,,,,,,
45,1,5,8,5,172,20,5,174,3,,,,,,,,,,,,,,,,,,,,,,,
45,2,5,8,5,173,20,5,174,3,,,,,,,,,,,,,,,,,,,,,,,
45,3,5,8,5,172,10,5,173,10,5,174,3,,,,,,,,,,,,,,,,,,,,
45,4,5,8,5,173,3,5,173,3,5,174,15,,,,,,,,,,,,,,,,,,,,
45,5,5,101,5,175,10,,,,,,,,,,,,,,,,,,,,,,,,,,
46,0,5,8,6,177,10,1,178,10,,,,,,,,,,,,,,,,,,,,,,,
46,1,5,8,3,176,1,6,177,10,,,,,,,,,,,,,,,,,,,,,,,
46,2,5,8,3,176,1,1,178,10,,,,,,,,,,,,,,,,,,,,,,,
46,3,5,8,3,176,1,6,177,10,1,178,10,,,,,,,,,,,,,,,,,,,,
46,4,5,101,3,176,2,6,179,1,,,,,,,,,,,,,,,,,,,,,,,
47,0,0,0,1,180,0,,,,,,,,,,,,,,,,,,,,,,,,,,
47,1,0,100,1,180,0,,,,,,,,,,,,,,,,,,,,,,,,,,
48,0,4,9,1,180,20,6,184,1,,,,,,,,,,,,,,,,,,,,,,,
48,1,4,9,1,180,30,1,181,3,6,184,2,,,,,,,,,,,,,,,,,,,,
48,2,4,9,1,180,40,1,182,3,6,184,3,,,,,,,,,,,,,,,,,,,,
48,3,4,9,1,180,50,1,181,3,1,182,3,,,,,,,,,,,,,,,,,,,,
48,4,4,9,1,180,60,6,184,10,,,,,,,,,,,,,,,,,,,,,,,
48,5,4,103,3,183,1,1,180,20,,,,,,,,,,,,,,,,,,,,,,,
49,0,4,9,1,185,30,3,186,3,,,,,,,,,,,,,,,,,,,,,,,
49,1,4,9,1,185,40,1,186,10,4,187,1,,,,,,,,,,,,,,,,,,,,
49,2,4,9,1,185,40,3,186,20,3,187,1,,,,,,,,,,,,,,,,,,,,
49,3,4,9,1,185,70,3,187,1,4,187,1,,,,,,,,,,,,,,,,,,,,
49,4,4,9,1,185,40,6,189,1,,,,,,,,,,,,,,,,,,,,,,,
49,5,4,103,4,188,1,1,186,5,,,,,,,,,,,,,,,,,,,,,,,
50,0,4,9,1,190,80,6,194,1,,,,,,,,,,,,,,,,,,,,,,,
50,1,4,9,1,191,80,6,194,1,,,,,,,,,,,,,,,,,,,,,,,
50,2,4,9,1,192,80,6,194,1,,,,,,,,,,,,,,,,,,,,,,,
50,3,4,103,3,193,1,,,,,,,,,,,,,,,,,,,,,,,,,,
51,0,7,3,4,195,30,3,196,1,,,,,,,,,,,,,,,,,,,,,,,
51,1,7,3,4,195,30,3,197,3,,,,,,,,,,,,,,,,,,,,,,,
51,2,7,3,1,195,50,3,196,3,3,197,3,,,,,,,,,,,,,,,,,,,,
51,3,7,3,4,195,50,3,196,3,3,197,3,,,,,,,,,,,,,,,,,,,,
51,4,7,100,3,198,1,3,197,3,,,,,,,,,,,,,,,,,,,,,,,
52,0,7,3,1,199,30,3,200,2,,,,,,,,,,,,,,,,,,,,,,,
52,1,7,3,1,199,40,3,201,2,,,,,,,,,,,,,,,,,,,,,,,
52,2,7,3,3,200,20,3,201,2,,,,,,,,,,,,,,,,,,,,,,,
52,3,7,3,1,199,20,3,200,10,4,201,2,,,,,,,,,,,,,,,,,,,,
52,4,7,3,1,201,5,,,,,,,,,,,,,,,,,,,,,,,,,,
52,5,7,100,3,202,1,1,199,90,,,,,,,,,,,,,,,,,,,,,,,
53,0,3,10,1,203,30,3,205,1,,,,,,,,,,,,,,,,,,,,,,,
53,1,3,10,1,204,30,3,205,1,,,,,,,,,,,,,,,,,,,,,,,
53,2,3,10,1,205,5,,,,,,,,,,,,,,,,,,,,,,,,,,
53,3,3,10,1,203,20,3,204,20,1,205,1,,,,,,,,,,,,,,,,,,,,
53,4,3,100,3,206,1,2,203,5,4,204,5,,,,,,,,,,,,,,,,,,,,
54,0,4,10,5,207,30,4,208,30,,,,,,,,,,,,,,,,,,,,,,,
54,1,4,10,5,207,50,3,208,10,4,209,1,,,,,,,,,,,,,,,,,,,,
54,2,4,10,5,207,10,1,208,50,4,209,1,,,,,,,,,,,,,,,,,,,,
54,3,4,10,5,207,10,1,208,10,1,209,3,,,,,,,,,,,,,,,,,,,,
54,4,4,100,3,210,1,5,207,10,1,208,10,,,,,,,,,,,,,,,,,,,,
55,0,0,1,3,4,1,2,8,1,5,13,1,5,18,1,2,22,1,3,26,1,3,30,1,4,34,1,,,,,
55,1,2,10,3,44,1,5,48,1,3,52,1,3,38,1,,,,,,,,,,,,,,,,,
55,2,3,10,3,60,1,3,64,1,4,68,1,5,73,1,2,78,1,,,,,,,,,,,,,,
55,3,0,8,3,84,1,3,89,1,5,93,1,3,97,1,,,,,,,,,,,,,,,,,
55,4,4,101,6,56,1,6,101,1,3,105,1,6,109,1,6,113,1,6,153,1,,,,,,,,,,,
55,5,3,1,2,119,1,4,123,1,3,127,1,,,,,,,,,,,,,,,,,,,,
55,6,5,1,3,133,1,3,137,1,1,141,1,4,145,1,2,149,1,4,157,1,2,161,1,3,167,1,,,,,
55,7,5,8,3,171,1,5,175,1,6,179,1,,,,,,,,,,,,,,,,,,,,
55,8,4,103,5,183,1,3,188,1,3,193,1,,,,,,,,,,,,,,,,,,,,
55,9,1,100,5,211,1,5,212,1,5,213,1,5,214,1,,,,,,,,,,,,,,,,,
56,0,7,3,2,215,3,4,216,3,3,217,3,,,,,,,,,,,,,,,,,,,,
56,1,7,3,5,215,80,1,217,1,,,,,,,,,,,,,,,,,,,,,,,
56,2,7,3,1,216,80,1,217,1,,,,,,,,,,,,,,,,,,,,,,,
56,3,7,3,5,215,40,1,216,40,1,217,2,,,,,,,,,,,,,,,,,,,,
56,4,7,100,3,218,1,4,217,1,,,,,,,,,,,,,,,,,,,,,,,
57,0,7,3,2,219,1,3,220,1,4,219,1,,,,,,,,,,,,,,,,,,,,
57,1,7,3,2,221,1,3,220,1,4,221,1,,,,,,,,,,,,,,,,,,,,
57,2,7,3,1,221,3,3,219,1,,,,,,,,,,,,,,,,,,,,,,,
57,3,7,3,3,219,1,1,220,3,3,221,1,,,,,,,,,,,,,,,,,,,,
57,4,7,100,2,221,1,3,220,1,4,219,1,3,222,1,,,,,,,,,,,,,,,,,
58,0,7,1,5,223,50,3,225,1,,,,,,,,,,,,,,,,,,,,,,,
58,1,7,1,5,224,50,3,225,1,,,,,,,,,,,,,,,,,,,,,,,
58,2,7,1,5,223,20,5,224,20,1,225,2,,,,,,,,,,,,,,,,,,,,
58,3,7,100,3,226,1,,,,,,,,,,,,,,,,,,,,,,,,,,
59,0,7,1,3,227,30,,,,,,,,,,,,,,,,,,,,,,,,,,
59,1,7,1,3,229,15,4,227,30,,,,,,,,,,,,,,,,,,,,,,,
59,2,7,1,1,228,50,,,,,,,,,,,,,,,,,,,,,,,,,,
59,3,7,1,1,228,30,3,227,30,,,,,,,,,,,,,,,,,,,,,,,
59,4,7,1,1,228,10,3,229,30,4,227,10,,,,,,,,,,,,,,,,,,,,
59,5,7,100,4,230,30,,,,,,,,,,,,,,,,,,,,,,,,,,
60,0,7,1,3,232,1,1,231,5,,,,,,,,,,,,,,,,,,,,,,,
60,1,7,1,3,232,1,1,231,50,,,,,,,,,,,,,,,,,,,,,,,
60,2,7,1,3,232,2,1,231,15,,,,,,,,,,,,,,,,,,,,,,,
60,3,7,100,3,234,1,1,233,99,,,,,,,,,,,,,,,,,,,,,,,
61,0,7,1,1,235,50,3,237,1,,,,,,,,,,,,,,,,,,,,,,,
61,1,7,1,1,236,50,3,237,1,,,,,,,,,,,,,,,,,,,,,,,
61,2,7,1,2,237,1,3,237,1,4,237,1,,,,,,,,,,,,,,,,,,,,
61,3,7,1,3,235,30,3,236,30,4,237,1,,,,,,,,,,,,,,,,,,,,
61,4,7,100,2,238,1,3,238,1,4,238,1,,,,,,,,,,,,,,,,,,,,
62,0,8,100,5,239,5,1,241,3,,,,,,,,,,,,,,,,,,,,,,,
62,1,8,100,1,240,2,1,241,5,,,,,,,,,,,,,,,,,,,,,,,
62,2,8,100,5,239,5,3,240,5,,,,,,,,,,,,,,,,,,,,,,,
62,3,8,100,5,239,5,4,240,1,1,241,5,,,,,,,,,,,,,,,,,,,,
62,4,8,100,3,242,1,,,,,,,,,,,,,,,,,,,,,,,,,,
63,0,7,102,3,243,0,,,,,,,,,,,,,,,,,,,,,,,,,,
63,1,7,102,3,243,1,,,,,,,,,,,,,,,,,,,,,,,,,,
64,0,7,6,1,247,30,,,,,,,,,,,,,,,,,,,,,,,,,,
64,1,7,6,2,245,20,3,247,20,,,,,,,,,,,,,,,,,,,,,,,
64,2,7,6,1,245,20,5,246,30,,,,,,,,,,,,,,,,,,,,,,,
64,3,7,6,1,245,20,5,246,20,4,247,20,,,,,,,,,,,,,,,,,,,,
64,4,7,100,3,248,1,,,,,,,,,,,,,,,,,,,,,,,,,,
65,0,7,8,6,249,30,4,251,1,,,,,,,,,,,,,,,,,,,,,,,
65,1,7,8,6,249,50,4,251,3,,,,,,,,,,,,,,,,,,,,,,,
65,2,7,8,1,250,40,4,251,1,,,,,,,,,,,,,,,,,,,,,,,
65,3,7,8,6,249,30,3,250,30,4,251,2,,,,,,,,,,,,,,,,,,,,
65,4,7,101,6,252,1,6,251,3,,,,,,,,,,,,,,,,,,,,,,,
66,0,9,1,3,253,30,5,255,1,,,,,,,,,,,,,,,,,,,,,,,
66,1,9,1,1,254,30,5,255,1,,,,,,,,,,,,,,,,,,,,,,,
66,2,9,1,3,253,20,1,254,20,5,255,1,,,,,,,,,,,,,,,,,,,,
66,3,9,1,2,253,10,1,254,10,5,255,3,,,,,,,,,,,,,,,,,,,,
66,4,9,100,5,256,1,5,255,1,,,,,,,,,,,,,,,,,,,,,,,
67,0,9,1,3,258,1,,,,,,,,,,,,,,,,,,,,,,,,,,
67,1,9,1,1,258,10,,,,,,,,,,,,,,,,,,,,,,,,,,
67,2,9,100,3,259,1,,,,,,,,,,,,,,,,,,,,,,,,,,
68,0,9,1,1,262,30,3,260,30,,,,,,,,,,,,,,,,,,,,,,,
68,1,9,1,1,260,30,3,261,30,,,,,,,,,,,,,,,,,,,,,,,
68,2,9,1,1,262,30,3,261,30,,,,,,,,,,,,,,,,,,,,,,,
68,3,9,100,3,263,1,4,260,2,4,261,2,4,262,2,,,,,,,,,,,,,,,,,
69,0,9,1,3,264,1,5,265,80,,,,,,,,,,,,,,,,,,,,,,,
69,1,9,1,3,264,1,1,266,80,,,,,,,,,,,,,,,,,,,,,,,
69,2,9,1,3,264,1,5,265,40,1,266,40,,,,,,,,,,,,,,,,,,,,
69,3,9,100,3,267,1,4,264,1,,,,,,,,,,,,,,,,,,,,,,,
70,0,9,0,1,268,0,,,,,,,,,,,,,,,,,,,,,,,,,,
70,1,9,100,1,268,0,,,,,,,,,,,,,,,,,,,,,,,,,,
71,0,4,101,5,268,30,,,,,,,,,,,,,,,,,,,,,,,,,,
71,1,4,101,5,268,60,,,,,,,,,,,,,,,,,,,,,,,,,,
71,2,4,101,5,268,99,5,269,1,,,,,,,,,,,,,,,,,,,,,,,
72,0,10,1,3,270,20,4,271,1,,,,,,,,,,,,,,,,,,,,,,,
72,1,10,1,1,270,40,3,271,1,4,271,1,,,,,,,,,,,,,,,,,,,,
72,2,10,1,1,270,40,3,271,1,4,272,1,,,,,,,,,,,,,,,,,,,,
72,3,10,1,1,270,40,3,272,1,4,272,1,,,,,,,,,,,,,,,,,,,,
72,4,10,1,1,270,10,1,271,3,1,272,3,,,,,,,,,,,,,,,,,,,,
72,5,10,1,3,270,60,,,,,,,,,,,,,,,,,,,,,,,,,,
72,6,10,100,3,273,1,1,270,30,,,,,,,,,,,,,,,,,,,,,,,
73,0,10,11,5,274,50,3,276,1,,,,,,,,,,,,,,,,,,,,,,,
73,1,10,11,5,274,50,3,275,1,,,,,,,,,,,,,,,,,,,,,,,
73,2,10,11,1,274,50,4,276,1,3,275,1,,,,,,,,,,,,,,,,,,,,
73,3,10,11,1,274,50,1,275,2,,,,,,,,,,,,,,,,,,,,,,,
73,4,10,11,1,274,50,2,276,1,4,276,1,,,,,,,,,,,,,,,,,,,,
73,5,10,100,3,274,50,3,277,1,,,,,,,,,,,,,,,,,,,,,,,
74,0,10,11,3,279,1,2,278,10,4,280,10,,,,,,,,,,,,,,,,,,,,
74,1,10,11,1,279,2,1,278,40,,,,,,,,,,,,,,,,,,,,,,,
74,2,10,11,1,279,2,1,280,60,,,,,,,,,,,,,,,,,,,,,,,
74,3,10,11,1,279,2,1,278,30,1,280,20,,,,,,,,,,,,,,,,,,,,
74,4,10,100,2,279,1,4,279,1,3,281,1,,,,,,,,,,,,,,,,,,,,
75,0,10,10,3,282,10,4,282,10,,,,,,,,,,,,,,,,,,,,,,,
75,1,10,10,1,283,30,3,282,10,,,,,,,,,,,,,,,,,,,,,,,
75,2,10,10,1,282,30,1,284,5,,,,,,,,,,,,,,,,,,,,,,,
75,3,10,10,1,283,30,1,284,5,,,,,,,,,,,,,,,,,,,,,,,
75,4,10,10,1,284,10,3,282,5,4,283,5,,,,,,,,,,,,,,,,,,,,
75,5,10,100,3,285,1,2,282,3,3,284,3,4,283,3,,,,,,,,,,,,,,,,,
76,0,10,1,2,286,1,3,286,1,4,286,2,,,,,,,,,,,,,,,,,,,,
76,1,10,1,2,287,1,3,287,1,4,287,2,,,,,,,,,,,,,,,,,,,,
76,2,10,1,2,288,1,3,288,1,4,288,2,,,,,,,,,,,,,,,,,,,,
76,3,10,1,1,286,3,1,287,3,,,,,,,,,,,,,,,,,,,,,,,
76,4,10,1,1,287,3,1,288,2,,,,,,,,,,,,,,,,,,,,,,,
76,5,10,1,1,288,3,1,286,3,,,,,,,,,,,,,,,,,,,,,,,
76,6,10,100,2,286,1,3,287,1,4,288,1,1,289,5,,,,,,,,,,,,,,,,,
77,0,0,0,1,290,0,,,,,,,,,,,,,,,,,,,,,,,,,,
77,1,0,100,1,290,0,,,,,,,,,,,,,,,,,,,,,,,,,,
78,0,10,1,5,290,60,3,291,5,,,,,,,,,,,,,,,,,,,,,,,
78,1,10,1,5,290,60,3,292,2,,,,,,,,,,,,,,,,,,,,,,,
78,2,10,1,5,291,60,3,292,2,,,,,,,,,,,,,,,,,,,,,,,
78,3,10,1,5,292,10,5,290,2,5,291,2,,,,,,,,,,,,,,,,,,,,
78,4,10,100,3,293,1,5,290,1,5,291,1,5,292,1,,,,,,,,,,,,,,,,,
79,0,11,10,1,294,30,3,296,1,,,,,,,,,,,,,,,,,,,,,,,
79,1,11,10,1,295,30,3,296,1,,,,,,,,,,,,,,,,,,,,,,,
79,2,11,10,3,296,1,4,296,1,,,,,,,,,,,,,,,,,,,,,,,
79,3,11,10,3,294,50,4,295,50,,,,,,,,,,,,,,,,,,,,,,,
79,4,11,10,2,294,20,3,295,20,4,296,1,,,,,,,,,,,,,,,,,,,,
79,5,11,100,3,297,1,,,,,,,,,,,,,,,,,,,,,,,,,,
80,0,11,1,8,298,100,,,,,,,,,,,,,,,,,,,,,,,,,,
80,1,11,1,8,299,100,,,,,,,,,,,,,,,,,,,,,,,,,,
80,2,11,1,8,300,100,,,,,,,,,,,,,,,,,,,,,,,,,,
80,3,11,100,7,298,20,8,300,20,9,299,20,4,301,1,,,,,,,,,,,,,,,,,
81,0,11,1,4,302,20,8,302,20,,,,,,,,,,,,,,,,,,,,,,,
81,1,11,1,1,303,40,,,,,,,,,,,,,,,,,,,,,,,,,,
81,2,11,1,4,304,20,8,304,20,,,,,,,,,,,,,,,,,,,,,,,
81,3,11,1,2,302,15,3,304,15,4,303,15,,,,,,,,,,,,,,,,,,,,
81,4,11,100,3,305,1,,,,,,,,,,,,,,,,,,,,,,,,,,
82,0,11,4,6,306,10,3,307,5,,,,,,,,,,,,,,,,,,,,,,,
82,1,11,4,6,306,30,10,308,10,,,,,,,,,,,,,,,,,,,,,,,
82,2,11,4,1,307,20,10,308,10,,,,,,,,,,,,,,,,,,,,,,,
82,3,11,4,6,306,10,3,307,5,10,308,40,,,,,,,,,,,,,,,,,,,,
82,4,11,4,6,306,30,3,307,10,10,308,5,,,,,,,,,,,,,,,,,,,,
82,5,11,101,3,309,1,10,308,10,,,,,,,,,,,,,,,,,,,,,,,
83,0,11,9,3,310,10,13,311,10,6,314,1,,,,,,,,,,,,,,,,,,,,
83,1,11,9,1,310,30,13,311,10,3,312,1,6,314,1,,,,,,,,,,,,,,,,,
83,2,11,9,3,310,10,11,311,30,3,312,1,6,314,1,,,,,,,,,,,,,,,,,
83,3,11,9,1,310,30,11,311,30,1,312,2,6,314,1,,,,,,,,,,,,,,,,,
83,4,11,103,1,312,2,3,313,1,,,,,,,,,,,,,,,,,,,,,,,
84,0,11,9,3,315,10,13,316,10,6,319,1,,,,,,,,,,,,,,,,,,,,
84,1,11,9,1,315,30,13,316,10,3,317,1,6,319,1,,,,,,,,,,,,,,,,,
84,2,11,9,3,315,20,11,316,20,3,317,1,6,319,1,,,,,,,,,,,,,,,,,
84,3,11,9,1,315,40,11,316,15,1,317,2,6,319,1,,,,,,,,,,,,,,,,,
84,4,11,103,3,318,1,,,,,,,,,,,,,,,,,,,,,,,,,,
85,0,10,1,3,320,50,4,320,50,,,,,,,,,,,,,,,,,,,,,,,
85,1,10,1,4,321,5,1,320,20,,,,,,,,,,,,,,,,,,,,,,,
85,2,10,1,5,322,3,1,320,20,,,,,,,,,,,,,,,,,,,,,,,
85,3,10,1,5,322,2,5,321,3,1,320,20,,,,,,,,,,,,,,,,,,,,
85,4,10,100,5,323,1,5,322,1,3,321,1,3,320,1,,,,,,,,,,,,,,,,,
86,0,10,11,1,324,10,,,,,,,,,,,,,,,,,,,,,,,,,,
86,1,10,11,1,324,50,5,325,1,,,,,,,,,,,,,,,,,,,,,,,
86,2,10,11,1,324,50,5,326,1,,,,,,,,,,,,,,,,,,,,,,,
86,3,10,11,1,324,50,5,325,1,5,326,1,,,,,,,,,,,,,,,,,,,,
86,4,10,100,1,324,50,4,327,1,,,,,,,,,,,,,,,,,,,,,,,
87,0,1,1,3,328,10,4,329,1,,,,,,,,,,,,,,,,,,,,,,,
87,1,1,1,2,328,1,3,328,15,4,329,1,,,,,,,,,,,,,,,,,,,,
87,2,1,1,1,328,15,2,330,1,3,330,1,4,330,1,,,,,,,,,,,,,,,,,
87,3,1,1,1,328,15,2,329,1,3,329,1,4,329,1,,,,,,,,,,,,,,,,,
87,4,1,1,1,330,5,2,329,2,3,328,10,4,329,2,,,,,,,,,,,,,,,,,
87,5,1,100,3,331,1,1,329,3,,,,,,,,,,,,,,,,,,,,,,,
88,0,12,100,3,332,0,,,,,,,,,,,,,,,,,,,,,,,,,,
88,1,12,100,3,332,1,,,,,,,,,,,,,,,,,,,,,,,,,,
89,0,7,100,3,198,1,3,202,1,3,218,1,3,222,1,,,,,,,,,,,,,,,,,
89,1,7,100,3,234,1,3,238,1,3,226,1,4,230,1,,,,,,,,,,,,,,,,,
89,2,4,100,3,206,1,5,210,1,,,,,,,,,,,,,,,,,,,,,,,
89,3,8,100,3,242,1,3,248,1,,,,,,,,,,,,,,,,,,,,,,,
89,4,9,100,3,267,1,5,256,1,,,,,,,,,,,,,,,,,,,,,,,
89,5,9,100,3,259,1,3,263,1,,,,,,,,,,,,,,,,,,,,,,,
89,6,10,100,3,273,1,4,277,1,3,281,1,,,,,,,,,,,,,,,,,,,,
89,7,10,100,3,285,1,1,289,1,3,293,1,,,,,,,,,,,,,,,,,,,,
89,8,11,100,3,297,1,4,301,1,3,305,1,,,,,,,,,,,,,,,,,,,,
89,9,11,101,6,252,1,6,309,1,,,,,,,,,,,,,,,,,,,,,,,
89,10,11,103,3,313,1,3,318,1,,,,,,,,,,,,,,,,,,,,,,,
89,11,1,100,2,323,1,3,327,1,4,331,1,,,,,,,,,,,,,,,,,,,,
89,12,12,100,5,338,100,,,,,,,,,,,,,,,,,,,,,,,,,,
